0.00685436, 0.0106918
0.99651, -0.00534589
-1.00336, -0.00534589

0.0137128, 0.0213803
0.992894, -0.0106901
-1.00661, -0.0106902

0.0205795, 0.0320625
0.989148, -0.0160309
-1.00973, -0.0160315

0.0274585, 0.042735
0.985271, -0.0213665
-1.01273, -0.0213685

0.0343539, 0.0533945
0.98126, -0.0266948
-1.01561, -0.0266997

0.0412696, 0.0640379
0.977114, -0.0320138
-1.01838, -0.0320242

0.0482099, 0.0746618
0.972831, -0.0373212
-1.02104, -0.0373406

0.0551785, 0.0852628
0.968408, -0.0426148
-1.02359, -0.042648

0.0621794, 0.0958375
0.963843, -0.047892
-1.02602, -0.0479455

0.0692165, 0.106382
0.959135, -0.0531504
-1.02835, -0.053232

0.0762936, 0.116894
0.954281, -0.0583872
-1.03057, -0.0585069

0.0834143, 0.127369
0.949279, -0.0635996
-1.03269, -0.0637693

0.0905824, 0.137803
0.944128, -0.0687846
-1.03471, -0.0690186

0.0978015, 0.148193
0.938825, -0.0739391
-1.03663, -0.074254

0.105075, 0.158535
0.933368, -0.0790598
-1.03844, -0.079475

0.112406, 0.168825
0.927756, -0.0841434
-1.04016, -0.0846811

0.119798, 0.179058
0.921988, -0.0891864
-1.04179, -0.0898718

0.127254, 0.189232
0.916061, -0.094185
-1.04331, -0.0950465

0.134777, 0.199341
0.909974, -0.0991355
-1.04475, -0.100205

0.14237, 0.209381
0.903726, -0.104034
-1.0461, -0.105347

0.150035, 0.219348
0.897315, -0.108876
-1.04735, -0.110472

0.157775, 0.229238
0.89074, -0.113658
-1.04851, -0.11558

0.165592, 0.239045
0.884, -0.118376
-1.04959, -0.12067

0.173489, 0.248766
0.877094, -0.123024
-1.05058, -0.125742

0.181467, 0.258395
0.870022, -0.127598
-1.05149, -0.130797

0.189528, 0.267927
0.862782, -0.132094
-1.05231, -0.135833

0.197674, 0.277359
0.855376, -0.136507
-1.05305, -0.140852

0.205905, 0.286683
0.847801, -0.140832
-1.05371, -0.145852

0.214222, 0.295896
0.840059, -0.145063
-1.05428, -0.150833

0.222627, 0.304993
0.83215, -0.149196
-1.05478, -0.155797

0.23112, 0.313968
0.824074, -0.153226
-1.05519, -0.160741

0.239701, 0.322815
0.815832, -0.157148
-1.05553, -0.165668

0.248369, 0.331531
0.807424, -0.160956
-1.05579, -0.170575

0.257125, 0.340109
0.798853, -0.164644
-1.05598, -0.175464

0.265967, 0.348544
0.790119, -0.168209
-1.05609, -0.180335

0.274896, 0.356831
0.781224, -0.171644
-1.05612, -0.185187

0.283908, 0.364966
0.77217, -0.174945
-1.05608, -0.190021

0.293003, 0.372942
0.76296, -0.178106
-1.05596, -0.194836

0.302179, 0.380755
0.753596, -0.181122
-1.05578, -0.199632

0.311433, 0.3884
0.744081, -0.183989
-1.05551, -0.204411

0.320763, 0.395872
0.734418, -0.186701
-1.05518, -0.209171

0.330166, 0.403166
0.72461, -0.189253
-1.05478, -0.213913

0.339639, 0.410278
0.714662, -0.191642
-1.0543, -0.218637

0.349178, 0.417205
0.704576, -0.193862
-1.05375, -0.223342

0.358779, 0.42394
0.694357, -0.19591
-1.05314, -0.22803

0.368438, 0.430482
0.68401, -0.197782
-1.05245, -0.2327

0.378151, 0.436825
0.673539, -0.199473
-1.05169, -0.237352

0.387914, 0.442967
0.662948, -0.200981
-1.05086, -0.241986

0.397721, 0.448904
0.652244, -0.202302
-1.04997, -0.246602

0.407568, 0.454634
0.64143, -0.203433
-1.049, -0.251201

0.417449, 0.460155
0.630513, -0.204373
-1.04796, -0.255782

0.427359, 0.465463
0.619498, -0.205117
-1.04686, -0.260346

0.437293, 0.470557
0.60839, -0.205666
-1.04568, -0.264892

0.447244, 0.475436
0.597196, -0.206016
-1.04444, -0.26942

0.457207, 0.480098
0.58592, -0.206168
-1.04313, -0.273931

0.467176, 0.484543
0.574569, -0.206119
-1.04174, -0.278424

0.477146, 0.48877
0.563148, -0.20587
-1.04029, -0.2829

0.487109, 0.492778
0.551663, -0.20542
-1.03877, -0.287359

0.497062, 0.496569
0.54012, -0.204769
-1.03718, -0.291799

0.506996, 0.500142
0.528525, -0.203919
-1.03552, -0.296223

0.516908, 0.503498
0.516883, -0.202869
-1.03379, -0.300628

0.52679, 0.506638
0.5052, -0.201622
-1.03199, -0.305016

0.536637, 0.509565
0.493481, -0.200179
-1.03012, -0.309387

0.546444, 0.51228
0.481731, -0.198541
-1.02818, -0.313739

0.556206, 0.514784
0.469955, -0.196711
-1.02616, -0.318073

0.565916, 0.51708
0.458158, -0.194691
-1.02407, -0.322389

0.57557, 0.519172
0.446346, -0.192484
-1.02192, -0.326687

0.585163, 0.52106
0.434521, -0.190094
-1.01968, -0.330967

0.59469, 0.52275
0.42269, -0.187523
-1.01738, -0.335227

0.604146, 0.524243
0.410854, -0.184774
-1.015, -0.339469

0.613527, 0.525544
0.39902, -0.181853
-1.01255, -0.343691

0.62283, 0.526656
0.387189, -0.178762
-1.01002, -0.347894

0.632049, 0.527582
0.375365, -0.175505
-1.00741, -0.352077

0.641182, 0.528328
0.363551, -0.172087
-1.00473, -0.35624

0.650224, 0.528895
0.351751, -0.168513
-1.00197, -0.360383

0.659173, 0.52929
0.339966, -0.164786
-0.999139, -0.364504

0.668026, 0.529516
0.328198, -0.160912
-0.996224, -0.368604

0.67678, 0.529577
0.31645, -0.156894
-0.99323, -0.372682

0.685431, 0.529477
0.304723, -0.152739
-0.990155, -0.376738

0.693979, 0.529221
0.293019, -0.148451
-0.986999, -0.380771

0.702421, 0.528814
0.28134, -0.144034
-0.98376, -0.38478

0.710754, 0.528258
0.269685, -0.139494
-0.980439, -0.388765

0.718978, 0.52756
0.258055, -0.134836
-0.977033, -0.392725

0.72709, 0.526723
0.246452, -0.130064
-0.973542, -0.396659

0.73509, 0.525751
0.234876, -0.125184
-0.969966, -0.400567

0.742976, 0.524649
0.223326, -0.120202
-0.966302, -0.404447

0.750747, 0.523421
0.211803, -0.115121
-0.96255, -0.4083

0.758403, 0.52207
0.200305, -0.109947
-0.958708, -0.412123

0.765942, 0.520602
0.188834, -0.104686
-0.954776, -0.415916

0.773366, 0.51902
0.177387, -0.0993415
-0.950753, -0.419679

0.780672, 0.517328
0.165965, -0.0939195
-0.946636, -0.423408

0.787861, 0.51553
0.154565, -0.0884247
-0.942426, -0.427105

0.794933, 0.513629
0.143188, -0.0828622
-0.938121, -0.430767

0.801888, 0.511629
0.131831, -0.0772369
-0.933719, -0.434392

0.808726, 0.509534
0.120494, -0.0715539
-0.92922, -0.437981

0.815448, 0.507348
0.109174, -0.0658179
-0.924622, -0.44153

0.822053, 0.505073
0.0978711, -0.0600341
-0.919924, -0.445039

0.828543, 0.502713
0.0865823, -0.0542072
-0.915125, -0.448506

0.834917, 0.500271
0.075306, -0.0483422
-0.910223, -0.451929

0.841177, 0.497751
0.0640405, -0.0424439
-0.905218, -0.455307

0.847323, 0.495154
0.0527838, -0.0365171
-0.900107, -0.458637

0.853356, 0.492485
0.0415338, -0.0305669
-0.89489, -0.461918

0.859277, 0.489745
0.0302885, -0.0245979
-0.889565, -0.465147

0.865086, 0.486938
0.0190458, -0.018615
-0.884132, -0.468323

0.870785, 0.484066
0.00780351, -0.0126232
-0.878589, -0.471443

0.876374, 0.481132
-0.00344049, -0.00662711
-0.872934, -0.474505

0.881855, 0.478138
-0.0146884, -0.000631757
-0.867167, -0.477506

0.887229, 0.475086
-0.0259424, 0.00535803
-0.861286, -0.480444

0.892496, 0.471978
-0.0372046, 0.0113374
-0.855291, -0.483316

0.897657, 0.468818
-0.0484772, 0.0173013
-0.84918, -0.486119

0.902715, 0.465606
-0.0597624, 0.0232449
-0.842952, -0.488851

0.907669, 0.462344
-0.0710621, 0.0291633
-0.836607, -0.491508

0.912521, 0.459036
-0.0823785, 0.0350514
-0.830142, -0.494087

0.917272, 0.455681
-0.0937135, 0.0409042
-0.823559, -0.496585

0.921924, 0.452283
-0.105069, 0.0467165
-0.816855, -0.498999

0.926477, 0.448842
-0.116447, 0.0524834
-0.81003, -0.501325

0.930932, 0.44536
-0.127849, 0.0581996
-0.803083, -0.50356

0.935291, 0.441839
-0.139277, 0.0638599
-0.796014, -0.505699

0.939555, 0.438281
-0.150732, 0.0694591
-0.788823, -0.50774

0.943725, 0.434685
-0.162215, 0.0749919
-0.781509, -0.509677

0.947801, 0.431055
-0.173729, 0.0804529
-0.774072, -0.511508

0.951786, 0.42739
-0.185274, 0.0858367
-0.766513, -0.513227

0.95568, 0.423692
-0.19685, 0.0911379
-0.75883, -0.51483

0.959485, 0.419963
-0.20846, 0.0963511
-0.751025, -0.516314

0.9632, 0.416203
-0.220103, 0.101471
-0.743098, -0.517673

0.966828, 0.412413
-0.231779, 0.106491
-0.735049, -0.518904

0.97037, 0.408594
-0.24349, 0.111407
-0.72688, -0.52

0.973825, 0.404746
-0.255235, 0.116212
-0.718591, -0.520958

0.977197, 0.400872
-0.267013, 0.120901
-0.710184, -0.521773

0.980484, 0.396971
-0.278824, 0.125469
-0.70166, -0.52244

0.983689, 0.393045
-0.290668, 0.12991
-0.693021, -0.522954

0.986811, 0.389093
-0.302543, 0.134217
-0.684268, -0.523311

0.989853, 0.385117
-0.314448, 0.138387
-0.675405, -0.523504

0.992815, 0.381117
-0.326382, 0.142412
-0.666433, -0.523529

0.995697, 0.377094
-0.338342, 0.146288
-0.657355, -0.523382

0.9985, 0.373048
-0.350327, 0.15001
-0.648174, -0.523058

1.00123, 0.36898
-0.362333, 0.153571
-0.638893, -0.52255

1.00388, 0.36489
-0.374359, 0.156967
-0.629516, -0.521856

1.00645, 0.360778
-0.386401, 0.160192
-0.620047, -0.52097

1.00894, 0.356645
-0.398455, 0.163243
-0.610489, -0.519888

1.01137, 0.352491
-0.410518, 0.166113
-0.600848, -0.518605

1.01371, 0.348317
-0.422586, 0.168799
-0.591128, -0.517117

1.01599, 0.344123
-0.434655, 0.171297
-0.581333, -0.51542

1.01819, 0.339909
-0.446719, 0.173601
-0.571469, -0.51351

1.02032, 0.335675
-0.458774, 0.175709
-0.561541, -0.511384

1.02237, 0.331421
-0.470815, 0.177617
-0.551555, -0.509038

1.02435, 0.327148
-0.482836, 0.179322
-0.541518, -0.50647

1.02627, 0.322856
-0.494832, 0.180821
-0.531434, -0.503677

1.02811, 0.318545
-0.506797, 0.182111
-0.52131, -0.500656

1.02988, 0.314215
-0.518724, 0.18319
-0.511153, -0.497405

1.03158, 0.309866
-0.530607, 0.184057
-0.500969, -0.493924

1.03321, 0.305499
-0.54244, 0.184711
-0.490766, -0.490209

1.03477, 0.301112
-0.554217, 0.18515
-0.480548, -0.486262

1.03626, 0.296707
-0.565931, 0.185374
-0.470325, -0.482081

1.03768, 0.292284
-0.577575, 0.185382
-0.460101, -0.477666

1.03903, 0.287841
-0.589142, 0.185177
-0.449885, -0.473018

1.04031, 0.28338
-0.600626, 0.184757
-0.439683, -0.468137

1.04152, 0.278901
-0.61202, 0.184125
-0.429501, -0.463026

1.04266, 0.274402
-0.623317, 0.183282
-0.419346, -0.457684

1.04374, 0.269885
-0.634512, 0.182231
-0.409225, -0.452116

1.04474, 0.26535
-0.645598, 0.180973
-0.399144, -0.446323

1.04568, 0.260795
-0.656568, 0.179512
-0.389108, -0.440307

1.04654, 0.256222
-0.667417, 0.177852
-0.379125, -0.434073

1.04734, 0.251629
-0.678139, 0.175995
-0.369198, -0.427624

1.04806, 0.247018
-0.688728, 0.173946
-0.359335, -0.420964

1.04872, 0.242387
-0.699179, 0.171709
-0.349538, -0.414097

1.0493, 0.237738
-0.709488, 0.169289
-0.339814, -0.407027

1.04982, 0.233069
-0.719649, 0.166691
-0.330167, -0.39976

1.05026, 0.228381
-0.729658, 0.16392
-0.320599, -0.392301

1.05063, 0.223674
-0.739512, 0.16098
-0.311116, -0.384654

1.05093, 0.218947
-0.749206, 0.157879
-0.30172, -0.376826

1.05115, 0.214201
-0.758737, 0.154621
-0.292415, -0.368821

1.0513, 0.209435
-0.768103, 0.151211
-0.283202, -0.360646

1.05138, 0.204649
-0.7773, 0.147657
-0.274083, -0.352307

1.05139, 0.199844
-0.786326, 0.143964
-0.265061, -0.343808

1.05132, 0.195019
-0.795179, 0.140137
-0.256137, -0.335157

1.05117, 0.190175
-0.803858, 0.136184
-0.247311, -0.326358

1.05095, 0.18531
-0.812361, 0.132109
-0.238584, -0.317419

1.05064, 0.180426
-0.820687, 0.127918
-0.229958, -0.308345

1.05027, 0.175522
-0.828835, 0.123619
-0.22143, -0.299141

1.04981, 0.170599
-0.836805, 0.119216
-0.213002, -0.289814

1.04927, 0.165655
-0.844597, 0.114715
-0.204671, -0.28037

1.04865, 0.160692
-0.852211, 0.110122
-0.196439, -0.270814

1.04795, 0.155709
-0.859646, 0.105442
-0.188302, -0.261151

1.04716, 0.150707
-0.866904, 0.100681
-0.180259, -0.251388

1.04629, 0.145686
-0.873986, 0.0958447
-0.172309, -0.24153

1.04534, 0.140645
-0.880891, 0.0909372
-0.164449, -0.231582

1.0443, 0.135585
-0.887622, 0.0859639
-0.156677, -0.221549

1.04317, 0.130506
-0.89418, 0.0809296
-0.148991, -0.211436

1.04195, 0.125409
-0.900565, 0.0758391
-0.141388, -0.201248

1.04064, 0.120293
-0.906781, 0.0706966
-0.133864, -0.19099

1.03924, 0.11516
-0.912828, 0.0655068
-0.126417, -0.180666

1.03775, 0.110008
-0.918708, 0.0602735
-0.119044, -0.170282

1.03616, 0.10484
-0.924423, 0.055001
-0.111741, -0.159841

1.03448, 0.0996543
-0.929975, 0.0496929
-0.104504, -0.149347

1.0327, 0.0944524
-0.935367, 0.044353
-0.0973309, -0.138805

1.03082, 0.0892348
-0.9406, 0.0389847
-0.0902165, -0.128219

1.02883, 0.0840018
-0.945677, 0.0335914
-0.0831575, -0.117593

1.02675, 0.0787543
-0.9506, 0.0281762
-0.0761499, -0.106931

1.02456, 0.0734928
-0.955371, 0.0227422
-0.0691897, -0.096235

1.02226, 0.0682182
-0.959992, 0.0172922
-0.0622728, -0.0855104

1.01986, 0.0629312
-0.964466, 0.0118289
-0.0553951, -0.0747601

1.01735, 0.0576327
-0.968796, 0.00635489
-0.0485523, -0.0639876

1.01472, 0.0523238
-0.972983, 0.000872582
-0.0417403, -0.0531963

1.01199, 0.0470053
-0.97703, -0.00461573
-0.0349548, -0.0423896

1.00913, 0.0416785
-0.98094, -0.0101079
-0.0281913, -0.0315706

1.00616, 0.0363446
-0.984714, -0.0156019
-0.0214458, -0.0207427

1.00307, 0.0310047
-0.988356, -0.0210958
-0.0147137, -0.00990894

0.999857, 0.0256603
-0.991866, -0.0265878
-0.00799081, 0.000927478

0.996521, 0.0203129
-0.995248, -0.0320763
-0.00127273, 0.0117634

0.99306, 0.0149639
-0.998505, -0.0375597
0.00544486, 0.0225958

0.989471, 0.00961504
-1.00164, -0.0430365
0.0121663, 0.0334214

0.985752, 0.00426806
-1.00465, -0.0485053
0.0188958, 0.0442373

0.981901, -0.00107517
-1.00754, -0.053965
0.0256378, 0.0550401

0.977916, -0.00641269
-1.01031, -0.0594142
0.0323964, 0.0658269

0.973795, -0.0117424
-1.01297, -0.064852
0.0391759, 0.0765944

0.969536, -0.0170621
-1.01552, -0.0702772
0.0459804, 0.0873394

0.965136, -0.0223695
-1.01795, -0.0756891
0.0528141, 0.0980586

0.960594, -0.0276622
-1.02027, -0.0810866
0.0596809, 0.108749

0.955907, -0.0329374
-1.02249, -0.0864691
0.0665849, 0.119407

0.951074, -0.0381927
-1.0246, -0.0918357
0.07353, 0.130028

0.946092, -0.043425
-1.02661, -0.0971859
0.08052, 0.140611

0.94096, -0.0486315
-1.02852, -0.102519
0.0875586, 0.15115

0.935675, -0.053809
-1.03032, -0.107834
0.0946496, 0.161643

0.930235, -0.0589543
-1.03203, -0.113132
0.101796, 0.172086

0.92464, -0.064064
-1.03364, -0.118411
0.109003, 0.182475

0.918886, -0.0691346
-1.03516, -0.12367
0.116271, 0.192805

0.912973, -0.0741624
-1.03658, -0.128911
0.123606, 0.203073

0.906899, -0.0791436
-1.03791, -0.134132
0.131009, 0.213275

0.900663, -0.0840742
-1.03915, -0.139333
0.138484, 0.223407

0.894263, -0.0889502
-1.0403, -0.144514
0.146033, 0.233464

0.887697, -0.0937673
-1.04136, -0.149674
0.153659, 0.243441

0.880966, -0.0985213
-1.04233, -0.154814
0.161364, 0.253335

0.874067, -0.103208
-1.04322, -0.159933
0.169151, 0.263141

0.867001, -0.107822
-1.04402, -0.165032
0.177021, 0.272853

0.859766, -0.112359
-1.04474, -0.170109
0.184976, 0.282468

0.852363, -0.116814
-1.04538, -0.175166
0.193018, 0.29198

0.844791, -0.121182
-1.04594, -0.180202
0.201147, 0.301384

0.83705, -0.125459
-1.04642, -0.185216
0.209366, 0.310676

0.82914, -0.129639
-1.04681, -0.19021
0.217673, 0.319849

0.821062, -0.133718
-1.04713, -0.195183
0.226071, 0.3289

0.812816, -0.137689
-1.04738, -0.200134
0.234559, 0.337823

0.804403, -0.141547
-1.04754, -0.205065
0.243137, 0.346612

0.795825, -0.145288
-1.04763, -0.209974
0.251805, 0.355263

0.787083, -0.148907
-1.04765, -0.214863
0.260562, 0.36377

0.778179, -0.152397
-1.04759, -0.219731
0.269407, 0.372128

0.769115, -0.155753
-1.04745, -0.224578
0.278338, 0.380331

0.759892, -0.158972
-1.04725, -0.229404
0.287355, 0.388376

0.750514, -0.162046
-1.04697, -0.23421
0.296454, 0.396257

0.740983, -0.164973
-1.04662, -0.238996
0.305634, 0.403968

0.731302, -0.167745
-1.04619, -0.24376
0.314893, 0.411506

0.721476, -0.17036
-1.0457, -0.248505
0.324226, 0.418865

0.711506, -0.172811
-1.04514, -0.253229
0.333631, 0.426041

0.701398, -0.175096
-1.0445, -0.257933
0.343105, 0.433029

0.691155, -0.177209
-1.0438, -0.262617
0.352644, 0.439826

0.680783, -0.179147
-1.04303, -0.267281
0.362243, 0.446428

0.670284, -0.180906
-1.04218, -0.271925
0.371898, 0.45283

0.659665, -0.182482
-1.04127, -0.276549
0.381605, 0.459031

0.64893, -0.183872
-1.04029, -0.281153
0.391359, 0.465025

0.638084, -0.185074
-1.03924, -0.285738
0.401154, 0.470811

0.627133, -0.186084
-1.03812, -0.290303
0.410986, 0.476387

0.616083, -0.186901
-1.03693, -0.294848
0.420848, 0.481749

0.604938, -0.187522
-1.03567, -0.299373
0.430737, 0.486895

0.593705, -0.187946
-1.03435, -0.303879
0.440644, 0.491826

0.582389, -0.188172
-1.03296, -0.308366
0.450566, 0.496538

0.570996, -0.188199
-1.03149, -0.312833
0.460496, 0.501032

0.559533, -0.188027
-1.02996, -0.31728
0.470428, 0.505307

0.548004, -0.187654
-1.02836, -0.321708
0.480356, 0.509362

0.536415, -0.187082
-1.02669, -0.326116
0.490274, 0.513198

0.524773, -0.186311
-1.02495, -0.330504
0.500176, 0.516815

0.513082, -0.185342
-1.02314, -0.334873
0.510057, 0.520214

0.501349, -0.184176
-1.02126, -0.339221
0.51991, 0.523397

0.489579, -0.182814
-1.01931, -0.34355
0.52973, 0.526364

0.477776, -0.18126
-1.01729, -0.347859
0.539511, 0.529119

0.465947, -0.179514
-1.0152, -0.352147
0.549248, 0.531661

0.454096, -0.17758
-1.01303, -0.356415
0.558936, 0.533995

0.442227, -0.175461
-1.0108, -0.360662
0.568568, 0.536123

0.430346, -0.173158
-1.00849, -0.364888
0.578141, 0.538047

0.418456, -0.170677
-1.0061, -0.369094
0.587648, 0.53977

0.406562, -0.168019
-1.00365, -0.373278
0.597087, 0.541297

0.394667, -0.16519
-1.00112, -0.37744
0.606452, 0.54263

0.382775, -0.162193
-0.998514, -0.38158
0.615739, 0.543773

0.370889, -0.159032
-0.995834, -0.385698
0.624945, 0.544729

0.359013, -0.155711
-0.993078, -0.389793
0.634065, 0.545504

0.347148, -0.152235
-0.990244, -0.393865
0.643096, 0.5461

0.335299, -0.148609
-0.987333, -0.397913
0.652035, 0.546522

0.323465, -0.144838
-0.984344, -0.401937
0.660878, 0.546774

0.311651, -0.140925
-0.981275, -0.405936
0.669624, 0.546861

0.299857, -0.136876
-0.978126, -0.40991
0.678269, 0.546786

0.288086, -0.132697
-0.974896, -0.413858
0.68681, 0.546555

0.276337, -0.128391
-0.971585, -0.41778
0.695247, 0.54617

0.264613, -0.123964
-0.96819, -0.421674
0.703577, 0.545638

0.252914, -0.119422
-0.964712, -0.42554
0.711798, 0.544962

0.241241, -0.114768
-0.96115, -0.429377
0.719909, 0.544146

0.229594, -0.110009
-0.957502, -0.433185
0.727908, 0.543194

0.217972, -0.10515
-0.953767, -0.436962
0.735794, 0.542112

0.206377, -0.100195
-0.949945, -0.440708
0.743567, 0.540903

0.194808, -0.0951506
-0.946034, -0.444421
0.751226, 0.539572

0.183264, -0.0900208
-0.942033, -0.448101
0.75877, 0.538121

0.171745, -0.0848113
-0.937942, -0.451745
0.766198, 0.536557

0.160249, -0.0795269
-0.933759, -0.455354
0.77351, 0.534881

0.148777, -0.074173
-0.929483, -0.458926
0.780706, 0.533099

0.137327, -0.0687545
-0.925114, -0.462459
0.787787, 0.531214

0.125897, -0.0632764
-0.920649, -0.465953
0.794751, 0.529229

0.114487, -0.0577439
-0.916087, -0.469405
0.8016, 0.527149

0.103096, -0.0521619
-0.911429, -0.472814
0.808333, 0.524976

0.0917205, -0.0465354
-0.906672, -0.476179
0.814951, 0.522714

0.0803603, -0.0408693
-0.901815, -0.479497
0.821455, 0.520367

0.0690135, -0.0351686
-0.896858, -0.482768
0.827845, 0.517937

0.0576783, -0.0294382
-0.891799, -0.485989
0.834121, 0.515427

0.0463528, -0.023683
-0.886637, -0.489158
0.840284, 0.512841

0.0350353, -0.0179079
-0.881371, -0.492274
0.846336, 0.510182

0.0237238, -0.0121177
-0.876, -0.495334
0.852276, 0.507452

0.0124164, -0.0063174
-0.870523, -0.498336
0.858106, 0.504654

0.00111119, -0.000511736
-0.864938, -0.501278
0.863827, 0.50179

-0.0101938, 0.0052944
-0.859246, -0.504157
0.86944, 0.498863

-0.0215005, 0.0110962
-0.853444, -0.506972
0.874945, 0.495875

-0.032811, 0.0168887
-0.847532, -0.509718
0.880343, 0.49283

-0.044127, 0.0226671
-0.84151, -0.512395
0.885637, 0.489727

-0.0554505, 0.0284266
-0.835376, -0.514998
0.890826, 0.486571

-0.0667835, 0.0341622
-0.829129, -0.517525
0.895912, 0.483363

-0.0781276, 0.0398691
-0.822769, -0.519974
0.900896, 0.480105

-0.0894846, 0.0455423
-0.816295, -0.522341
0.905779, 0.476799

-0.100856, 0.0511769
-0.809706, -0.524623
0.910563, 0.473446

-0.112244, 0.0567681
-0.803003, -0.526816
0.915247, 0.470048

-0.12365, 0.0623107
-0.796184, -0.528918
0.919834, 0.466607

-0.135075, 0.0677999
-0.78925, -0.530925
0.924325, 0.463125

-0.14652, 0.0732305
-0.7822, -0.532833
0.92872, 0.459602

-0.157987, 0.0785976
-0.775034, -0.534639
0.933021, 0.456041

-0.169477, 0.083896
-0.767752, -0.536338
0.937229, 0.452442

-0.180991, 0.0891208
-0.760354, -0.537928
0.941345, 0.448807

-0.192529, 0.0942668
-0.752841, -0.539405
0.94537, 0.445138

-0.204093, 0.0993288
-0.745212, -0.540763
0.949305, 0.441434

-0.215682, 0.104302
-0.73747, -0.542
0.953152, 0.437698

-0.227297, 0.109181
-0.729613, -0.543111
0.95691, 0.43393

-0.238938, 0.11396
-0.721644, -0.544091
0.960582, 0.430131

-0.250605, 0.118635
-0.713563, -0.544938
0.964169, 0.426303

-0.262298, 0.1232
-0.705372, -0.545646
0.96767, 0.422445

-0.274016, 0.127651
-0.697071, -0.546211
0.971088, 0.41856

-0.285759, 0.131982
-0.688664, -0.546628
0.974422, 0.414647

-0.297524, 0.136187
-0.680151, -0.546894
0.977675, 0.410707

-0.309313, 0.140263
-0.671534, -0.547004
0.980847, 0.406741

-0.321121, 0.144204
-0.662817, -0.546954
0.983938, 0.40275

-0.332949, 0.148005
-0.654001, -0.546739
0.986951, 0.398734

-0.344795, 0.151661
-0.645089, -0.546355
0.989884, 0.394694

-0.356655, 0.155168
-0.636085, -0.545798
0.99274, 0.39063

-0.368528, 0.158521
-0.626991, -0.545064
0.995518, 0.386543

-0.38041, 0.161716
-0.61781, -0.544149
0.998221, 0.382433

-0.3923, 0.164748
-0.608548, -0.543048
1.00085, 0.3783

-0.404193, 0.167613
-0.599206, -0.541758
1.0034, 0.374146

-0.416086, 0.170307
-0.589791, -0.540276
1.00588, 0.369969

-0.427975, 0.172826
-0.580305, -0.538597
1.00828, 0.365772

-0.439857, 0.175166
-0.570753, -0.536719
1.01061, 0.361553

-0.451727, 0.177325
-0.561141, -0.534638
1.01287, 0.357313

-0.46358, 0.179299
-0.551473, -0.532352
1.01505, 0.353053

-0.475413, 0.181086
-0.541754, -0.529857
1.01717, 0.348772

-0.48722, 0.182682
-0.53199, -0.527152
1.01921, 0.34447

-0.498996, 0.184085
-0.522185, -0.524234
1.02118, 0.340149

-0.510736, 0.185294
-0.512347, -0.521101
1.02308, 0.335808

-0.522434, 0.186306
-0.502479, -0.517753
1.02491, 0.331447

-0.534086, 0.187121
-0.492589, -0.514186
1.02667, 0.327066

-0.545685, 0.187737
-0.482682, -0.510402
1.02837, 0.322665

-0.557225, 0.188154
-0.472764, -0.506399
1.02999, 0.318245

-0.568702, 0.188371
-0.46284, -0.502176
1.03154, 0.313805

-0.580109, 0.188389
-0.452917, -0.497734
1.03303, 0.309345

-0.591441, 0.188208
-0.443001, -0.493074
1.03444, 0.304866

-0.602691, 0.187828
-0.433097, -0.488196
1.03579, 0.300368

-0.613854, 0.187252
-0.423212, -0.483101
1.03707, 0.29585

-0.624924, 0.186479
-0.413351, -0.477791
1.03828, 0.291312

-0.635896, 0.185513
-0.40352, -0.472268
1.03942, 0.286755

-0.646764, 0.184356
-0.393724, -0.466533
1.04049, 0.282178

-0.657523, 0.183009
-0.383968, -0.46059
1.04149, 0.277581

-0.668167, 0.181476
-0.374258, -0.454441
1.04243, 0.272965

-0.678692, 0.17976
-0.364598, -0.448088
1.04329, 0.268329

-0.689093, 0.177864
-0.354993, -0.441536
1.04409, 0.263672

-0.699364, 0.175792
-0.345448, -0.434788
1.04481, 0.258996

-0.709502, 0.173548
-0.335966, -0.427848
1.04547, 0.2543

-0.719503, 0.171136
-0.326552, -0.420719
1.04605, 0.249584

-0.729361, 0.16856
-0.317209, -0.413407
1.04657, 0.244847

-0.739075, 0.165825
-0.30794, -0.405915
1.04702, 0.24009

-0.74864, 0.162936
-0.298749, -0.398249
1.04739, 0.235313

-0.758053, 0.159897
-0.289638, -0.390412
1.04769, 0.230515

-0.767311, 0.156713
-0.280609, -0.38241
1.04792, 0.225697

-0.776412, 0.15339
-0.271664, -0.374248
1.04808, 0.220858

-0.785353, 0.149933
-0.262806, -0.365931
1.04816, 0.215998

-0.794133, 0.146346
-0.254035, -0.357464
1.04817, 0.211118

-0.802749, 0.142636
-0.245353, -0.348852
1.0481, 0.206216

-0.811201, 0.138806
-0.23676, -0.3401
1.04796, 0.201294

-0.819486, 0.134863
-0.228257, -0.331214
1.04774, 0.196351

-0.827604, 0.130812
-0.219845, -0.322199
1.04745, 0.191387

-0.835554, 0.126658
-0.211522, -0.313059
1.04708, 0.186402

-0.843335, 0.122406
-0.203289, -0.303801
1.04662, 0.181395

-0.850948, 0.11806
-0.195145, -0.294429
1.04609, 0.176368

-0.858392, 0.113627
-0.187088, -0.284948
1.04548, 0.17132

-0.865667, 0.109112
-0.179119, -0.275363
1.04479, 0.166251

-0.872774, 0.104518
-0.171235, -0.265679
1.04401, 0.161161

-0.879714, 0.0998502
-0.163434, -0.255901
1.04315, 0.15605

-0.886486, 0.0951141
-0.155716, -0.246033
1.0422, 0.150919

-0.893092, 0.0903138
-0.148077, -0.236081
1.04117, 0.145767

-0.899533, 0.0854535
-0.140515, -0.226048
1.04005, 0.140595

-0.90581, 0.0805376
-0.133028, -0.21594
1.03884, 0.135402

-0.911925, 0.0755701
-0.125614, -0.20576
1.03754, 0.13019

-0.917878, 0.0705551
-0.118269, -0.195513
1.03615, 0.124958

-0.923671, 0.0654964
-0.110991, -0.185203
1.03466, 0.119706

-0.929306, 0.0603976
-0.103776, -0.174833
1.03308, 0.114436

-0.934785, 0.0552624
-0.0966211, -0.164409
1.03141, 0.109147

-0.940109, 0.050094
-0.089523, -0.153933
1.02963, 0.103839

-0.94528, 0.0448959
-0.082478, -0.14341
1.02776, 0.0985144

-0.9503, 0.0396712
-0.0754826, -0.132843
1.02578, 0.0931722

-0.955171, 0.0344228
-0.0685331, -0.122236
1.0237, 0.0878134

-0.959896, 0.0291537
-0.0616257, -0.111592
1.02152, 0.0824387

-0.964475, 0.0238665
-0.0547565, -0.100915
1.01923, 0.0770487

-0.968911, 0.0185638
-0.0479216, -0.090208
1.01683, 0.0716442

-0.973207, 0.0132482
-0.0411169, -0.0794743
1.01432, 0.0662261

-0.977364, 0.00792203
-0.0343384, -0.0687173
1.0117, 0.0607953

-0.981384, 0.00258745
-0.0275819, -0.0579402
1.00897, 0.0553527

-0.98527, -0.0027534
-0.0208432, -0.0471461
1.00611, 0.0498995

-0.989023, -0.00809851
-0.0141181, -0.0363383
1.00314, 0.0444368

-0.992647, -0.013446
-0.00740239, -0.0255198
1.00005, 0.0389658

-0.996142, -0.0187941
-0.000691739, -0.0146938
0.996833, 0.0334879

-0.999511, -0.0241411
0.00601815, -0.00386333
0.993493, 0.0280045

-1.00276, -0.0294855
0.0127316, 0.00696841
0.990024, 0.0225171

-1.00588, -0.0348257
0.0194529, 0.0177983
0.986426, 0.0170274

-1.00888, -0.0401604
0.0261864, 0.0286233
0.982696, 0.0115371

-1.01177, -0.0454883
0.0329365, 0.0394402
0.978831, 0.00604813

-1.01454, -0.0508082
0.0397073, 0.0502458
0.974829, 0.00056245

-1.01719, -0.0561189
0.0465033, 0.0610368
0.970689, -0.00491784

-1.01974, -0.0614194
0.0533287, 0.0718099
0.966406, -0.0103905

-1.02217, -0.0667088
0.0601877, 0.0825619
0.96198, -0.0158531

-1.02449, -0.071986
0.0670846, 0.0932892
0.957408, -0.0213032

-1.02671, -0.0772503
0.0740234, 0.103988
0.952688, -0.0267381

-1.02882, -0.0825009
0.0810082, 0.114656
0.947816, -0.032155

-1.03083, -0.087737
0.0880432, 0.125288
0.942791, -0.037551

-1.03274, -0.0929581
0.0951321, 0.135881
0.937611, -0.0429229

-1.03455, -0.0981635
0.102279, 0.146431
0.932274, -0.0482674

-1.03626, -0.103353
0.109487, 0.156934
0.926776, -0.0535812

-1.03788, -0.108525
0.116761, 0.167386
0.921117, -0.0588606

-1.0394, -0.113681
0.124104, 0.177783
0.915294, -0.0641019

-1.04082, -0.118818
0.131519, 0.18812
0.909305, -0.0693012

-1.04216, -0.123938
0.139009, 0.198393
0.903148, -0.0744543

-1.0434, -0.12904
0.146579, 0.208597
0.896822, -0.079557

-1.04455, -0.134123
0.15423, 0.218728
0.890324, -0.0846048

-1.04562, -0.139188
0.161965, 0.228781
0.883655, -0.0895933

-1.0466, -0.144233
0.169787, 0.23875
0.876811, -0.0945175

-1.04749, -0.149259
0.177699, 0.248632
0.869792, -0.0993727

-1.0483, -0.154266
0.185702, 0.25842
0.862597, -0.104154

-1.04902, -0.159254
0.193799, 0.268109
0.855225, -0.108855

-1.04967, -0.164221
0.201991, 0.277694
0.847676, -0.113472

-1.05023, -0.16917
0.210279, 0.287169
0.839949, -0.117999

-1.05071, -0.174098
0.218666, 0.296528
0.832044, -0.12243

-1.05111, -0.179007
0.22715, 0.305767
0.823962, -0.12676

-1.05144, -0.183896
0.235734, 0.314878
0.815701, -0.130982

-1.05168, -0.188766
0.244417, 0.323857
0.807264, -0.135091

-1.05185, -0.193615
0.253199, 0.332697
0.798651, -0.139082

-1.05194, -0.198445
0.262079, 0.341392
0.789864, -0.142947

-1.05196, -0.203255
0.271058, 0.349936
0.780903, -0.146681

-1.0519, -0.208045
0.280133, 0.358324
0.771772, -0.150279

-1.05177, -0.212816
0.289302, 0.36655
0.762471, -0.153734

-1.05157, -0.217567
0.298565, 0.374608
0.753004, -0.15704

-1.05129, -0.222299
0.307919, 0.382491
0.743374, -0.160192

-1.05094, -0.227011
0.31736, 0.390195
0.733583, -0.163184

-1.05052, -0.231704
0.326887, 0.397715
0.723636, -0.166011

-1.05003, -0.236378
0.336495, 0.405044
0.713536, -0.168666

-1.04947, -0.241032
0.34618, 0.412177
0.703287, -0.171145

-1.04883, -0.245667
0.355939, 0.419111
0.692894, -0.173444

-1.04813, -0.250283
0.365767, 0.42584
0.682362, -0.175556

-1.04736, -0.25488
0.375659, 0.432359
0.671696, -0.177479

-1.04651, -0.259459
0.38561, 0.438666
0.660901, -0.179207

-1.0456, -0.264018
0.395615, 0.444755
0.649982, -0.180737

-1.04461, -0.268558
0.405667, 0.450625
0.638947, -0.182066

-1.04356, -0.27308
0.415762, 0.456271
0.6278, -0.18319

-1.04244, -0.277583
0.425892, 0.461691
0.616549, -0.184107

-1.04125, -0.282068
0.436051, 0.466883
0.605198, -0.184815

-1.03999, -0.286533
0.446234, 0.471844
0.593756, -0.185311

-1.03866, -0.29098
0.456432, 0.476575
0.582228, -0.185594

-1.03726, -0.295409
0.466641, 0.481073
0.570621, -0.185664

-1.03579, -0.299819
0.476852, 0.485338
0.558942, -0.185519

-1.03426, -0.30421
0.487059, 0.48937
0.547197, -0.18516

-1.03265, -0.308582
0.497255, 0.493169
0.535394, -0.184587

-1.03097, -0.312936
0.507434, 0.496736
0.523537, -0.1838

-1.02922, -0.317271
0.517589, 0.500071
0.511635, -0.1828

-1.02741, -0.321587
0.527713, 0.503177
0.499693, -0.18159

-1.02552, -0.325884
0.537799, 0.506055
0.487717, -0.180171

-1.02356, -0.330162
0.547842, 0.508708
0.475714, -0.178546

-1.02152, -0.33442
0.557836, 0.511137
0.463689, -0.176716

-1.01942, -0.33866
0.567774, 0.513346
0.451647, -0.174686

-1.01724, -0.342879
0.57765, 0.515338
0.439594, -0.172459

-1.01499, -0.347079
0.58746, 0.517116
0.427535, -0.170037

-1.01267, -0.351258
0.597198, 0.518684
0.415474, -0.167426

-1.01028, -0.355418
0.606858, 0.520047
0.403417, -0.164629

-1.0078, -0.359556
0.616437, 0.521207
0.391366, -0.161651

-1.00526, -0.363674
0.62593, 0.522169
0.379327, -0.158495

-1.00263, -0.36777
0.635331, 0.522939
0.367302, -0.155169

-0.999933, -0.371845
0.644639, 0.523519
0.355294, -0.151675

-0.997156, -0.375897
0.653848, 0.523916
0.343308, -0.148019

-0.994301, -0.379927
0.662956, 0.524133
0.331344, -0.144206

-0.991367, -0.383934
0.67196, 0.524177
0.319406, -0.140243

-0.988353, -0.387917
0.680856, 0.52405
0.307496, -0.136133

-0.985258, -0.391876
0.689643, 0.523759
0.295615, -0.131884

-0.982082, -0.39581
0.698317, 0.523309
0.283765, -0.127499

-0.978823, -0.399718
0.706877, 0.522703
0.271946, -0.122985

-0.975482, -0.403601
0.715322, 0.521948
0.26016, -0.118347

-0.972056, -0.407456
0.723648, 0.521048
0.248408, -0.113591

-0.968545, -0.411284
0.731856, 0.520008
0.236689, -0.108723

-0.964948, -0.415084
0.739944, 0.518832
0.225003, -0.103748

-0.961263, -0.418853
0.747912, 0.517525
0.213352, -0.0986717

-0.957491, -0.422593
0.755757, 0.516093
0.201734, -0.0934996

-0.953629, -0.426301
0.763481, 0.514538
0.190148, -0.0882371

-0.949677, -0.429977
0.771082, 0.512867
0.178595, -0.0828899

-0.945634, -0.433619
0.77856, 0.511082
0.167074, -0.0774634

-0.941498, -0.437226
0.785916, 0.509189
0.155582, -0.0719629

-0.937268, -0.440797
0.793149, 0.507191
0.14412, -0.0663938

-0.932944, -0.444331
0.800259, 0.505092
0.132685, -0.0607614

-0.928524, -0.447826
0.807248, 0.502897
0.121276, -0.055071

-0.924008, -0.451281
0.814115, 0.500609
0.109893, -0.0493278

-0.919393, -0.454695
0.820861, 0.498232
0.0985317, -0.043537

-0.914678, -0.458065
0.827486, 0.495768
0.0871921, -0.0377036

-0.909864, -0.46139
0.833992, 0.493223
0.0758718, -0.0318328

-0.904948, -0.464668
0.840379, 0.490598
0.0645688, -0.0259296

-0.899929, -0.467898
0.846648, 0.487897
0.0532812, -0.019999

-0.894807, -0.471078
0.8528, 0.485124
0.0420069, -0.014046

-0.88958, -0.474205
0.858836, 0.48228
0.0307439, -0.0080755

-0.884247, -0.477277
0.864757, 0.47937
0.0194899, -0.00209245

-0.878807, -0.480293
0.870564, 0.476395
0.00824285, 0.00389826

-0.873259, -0.48325
0.876258, 0.473358
-0.00299944, 0.00989176

-0.867602, -0.486145
0.881841, 0.470262
-0.0142391, 0.0158832

-0.861835, -0.488977
0.887313, 0.467109
-0.0254784, 0.0218677

-0.855957, -0.491742
0.892676, 0.463902
-0.0367194, 0.0278404

-0.849967, -0.494439
0.897931, 0.460642
-0.0479642, 0.0337966

-0.843864, -0.497063
0.903079, 0.457332
-0.0592149, 0.0397312

-0.837648, -0.499613
0.908122, 0.453974
-0.0704736, 0.0456396

-0.831318, -0.502086
0.91306, 0.450569
-0.0817423, 0.0515169

-0.824873, -0.504478
0.917896, 0.44712
-0.0930227, 0.0573581

-0.818313, -0.506786
0.92263, 0.443628
-0.104317, 0.0631584

-0.811636, -0.509007
0.927263, 0.440094
-0.115627, 0.068913

-0.804843, -0.511138
0.931797, 0.436522
-0.126953, 0.0746169

-0.797934, -0.513176
0.936233, 0.432911
-0.138299, 0.0802651

-0.790908, -0.515116
0.940572, 0.429263
-0.149664, 0.0858528

-0.783764, -0.516955
0.944815, 0.42558
-0.161051, 0.0913749

-0.776504, -0.51869
0.948965, 0.421864
-0.172461, 0.0968265

-0.769126, -0.520316
0.953021, 0.418114
-0.183894, 0.102203

-0.761632, -0.521831
0.956985, 0.414333
-0.195352, 0.107498

-0.754022, -0.523229
0.960858, 0.410521
-0.206836, 0.112708

-0.746296, -0.524506
0.964641, 0.406679
-0.218345, 0.117827

-0.738455, -0.52566
0.968336, 0.402809
-0.229881, 0.12285

-0.7305, -0.526684
0.971943, 0.398911
-0.241443, 0.127773

-0.722432, -0.527577
0.975464, 0.394987
-0.253032, 0.13259

-0.714252, -0.528332
0.978899, 0.391036
-0.264647, 0.137295

-0.705961, -0.528946
0.982249, 0.38706
-0.276288, 0.141885

-0.697562, -0.529414
0.985516, 0.38306
-0.287955, 0.146354

-0.689055, -0.529732
0.988701, 0.379036
-0.299645, 0.150696

-0.680444, -0.529896
0.991804, 0.374988
-0.311359, 0.154908

-0.67173, -0.529901
0.994826, 0.370918
-0.323095, 0.158984

-0.662916, -0.529744
0.997768, 0.366825
-0.334852, 0.162918

-0.654004, -0.529419
1.00063, 0.362711
-0.346627, 0.166708

-0.644998, -0.528923
1.00342, 0.358576
-0.358418, 0.170347

-0.6359, -0.528251
1.00612, 0.35442
-0.370223, 0.173831

-0.626714, -0.5274
1.00875, 0.350243
-0.382039, 0.177156

-0.617443, -0.526365
1.01131, 0.346047
-0.393864, 0.180318

-0.608091, -0.525143
1.01379, 0.341831
-0.405695, 0.183312

-0.598663, -0.523729
1.01619, 0.337595
-0.417527, 0.186134

-0.589163, -0.522121
1.01852, 0.333341
-0.429357, 0.188781

-0.579594, -0.520316
1.02078, 0.329067
-0.441182, 0.191249

-0.569963, -0.518309
1.02296, 0.324775
-0.452997, 0.193534

-0.560273, -0.516098
1.02507, 0.320464
-0.464798, 0.195633

-0.550529, -0.51368
1.02711, 0.316136
-0.476579, 0.197545

-0.540738, -0.511053
1.02908, 0.311789
-0.488338, 0.199265

-0.530904, -0.508215
1.03097, 0.307424
-0.500067, 0.200792

-0.521032, -0.505164
1.0328, 0.303041
-0.511763, 0.202123

-0.51113, -0.501897
1.03455, 0.29864
-0.52342, 0.203257

-0.501201, -0.498415
1.03623, 0.294222
-0.535033, 0.204193

-0.491252, -0.494715
1.03785, 0.289786
-0.546595, 0.204929

-0.48129, -0.490798
1.03939, 0.285333
-0.558102, 0.205465

-0.471319, -0.486662
1.04087, 0.280862
-0.569547, 0.2058

-0.461345, -0.482308
1.04227, 0.276374
-0.580926, 0.205934

-0.451376, -0.477736
1.04361, 0.271868
-0.592231, 0.205869

-0.441415, -0.472948
1.04487, 0.267344
-0.603457, 0.205604

-0.431471, -0.467943
1.04607, 0.262803
-0.6146, 0.20514

-0.421547, -0.462724
1.0472, 0.258244
-0.625652, 0.204479

-0.411649, -0.457291
1.04826, 0.253668
-0.636608, 0.203623

-0.401784, -0.451648
1.04925, 0.249074
-0.647463, 0.202574

-0.391956, -0.445797
1.05017, 0.244463
-0.658211, 0.201334

-0.38217, -0.439739
1.05102, 0.239833
-0.668847, 0.199906

-0.372432, -0.433479
1.0518, 0.235186
-0.679367, 0.198293

-0.362745, -0.42702
1.05251, 0.230521
-0.689764, 0.196499

-0.353115, -0.420364
1.05315, 0.225838
-0.700035, 0.194526

-0.343546, -0.413517
1.05372, 0.221137
-0.710175, 0.19238

-0.334042, -0.406481
1.05422, 0.216418
-0.720179, 0.190063

-0.324605, -0.399261
1.05465, 0.211681
-0.730044, 0.187581

-0.31524, -0.391862
1.05501, 0.206925
-0.739766, 0.184937

-0.30595, -0.384288
1.05529, 0.202151
-0.749341, 0.182136

-0.296737, -0.376543
1.0555, 0.197359
-0.758766, 0.179184

-0.287604, -0.368634
1.05564, 0.192549
-0.768039, 0.176085

-0.278552, -0.360564
1.05571, 0.18772
-0.777156, 0.172844

-0.269584, -0.352338
1.0557, 0.182872
-0.786115, 0.169466

-0.260702, -0.343963
1.05562, 0.178006
-0.794915, 0.165957

-0.251905, -0.335442
1.05546, 0.173122
-0.803552, 0.162321

-0.243196, -0.326782
1.05522, 0.168218
-0.812026, 0.158564

-0.234574, -0.317987
1.05491, 0.163297
-0.820336, 0.154691

-0.226041, -0.309063
1.05452, 0.158356
-0.828479, 0.150707

-0.217595, -0.300015
1.05405, 0.153397
-0.836456, 0.146618

-0.209236, -0.290848
1.0535, 0.14842
-0.844266, 0.142428

-0.200965, -0.281567
1.05287, 0.143424
-0.851908, 0.138143

-0.19278, -0.272178
1.05216, 0.138409
-0.859383, 0.133768

-0.184679, -0.262685
1.05137, 0.133377
-0.86669, 0.129308

-0.176663, -0.253093
1.05049, 0.128326
-0.873829, 0.124767

-0.168728, -0.243407
1.04953, 0.123257
-0.880802, 0.12015

-0.160873, -0.233633
1.04848, 0.118171
-0.887609, 0.115462

-0.153097, -0.223774
1.04735, 0.113066
-0.89425, 0.110708

-0.145396, -0.213836
1.04612, 0.107944
-0.900727, 0.105892

-0.137769, -0.203823
1.04481, 0.102806
-0.907041, 0.101017

-0.130213, -0.193739
1.04341, 0.0976499
-0.913193, 0.0960891

-0.122725, -0.183589
1.04191, 0.0924777
-0.919184, 0.0911111

-0.115302, -0.173377
1.04032, 0.0872893
-0.925016, 0.0860872

-0.107942, -0.163106
1.03863, 0.0820853
-0.93069, 0.0810212

-0.10064, -0.152783
1.03685, 0.0768661
-0.936208, 0.0759165

-0.0933946, -0.142409
1.03497, 0.0716321
-0.941572, 0.0707766

-0.0862012, -0.131989
1.03299, 0.066384
-0.946784, 0.0656049

-0.0790566, -0.121527
1.0309, 0.0611224
-0.951845, 0.0604045

-0.0719571, -0.111026
1.02871, 0.0558479
-0.956758, 0.0551784

-0.0648992, -0.100491
1.02642, 0.0505613
-0.961523, 0.0499296

-0.0578789, -0.0899242
1.02402, 0.0452635
-0.966145, 0.0446608

-0.0508926, -0.0793297
1.02152, 0.0399552
-0.970623, 0.0393745

-0.0439361, -0.0687108
1.0189, 0.0346374
-0.974962, 0.0340734

-0.0370057, -0.0580709
1.01617, 0.029311
-0.979161, 0.0287598

-0.0300973, -0.0474133
1.01332, 0.0239773
-0.983225, 0.023436

-0.0232068, -0.0367414
1.01036, 0.0186374
-0.987154, 0.018104

-0.0163303, -0.0260584
1.00728, 0.0132924
-0.990951, 0.012766

-0.00946351, -0.0153675
1.00408, 0.00794378
-0.994618, 0.00742376

-0.00260243, -0.00467207
1.00076, 0.00259291
-0.998157, 0.00207917

0.00425709, 0.0060248
0.997313, -0.00275869
-1.00157, -0.0032661

