0.00543129, 0.00436054
0.997222, -0.00218027
-1.00265, -0.00218027

0.0108658, 0.00871977
0.994317, -0.00435987
-1.00518, -0.0043599

0.0163069, 0.0130764
0.991284, -0.00653809
-1.00759, -0.00653828

0.0217578, 0.017429
0.988121, -0.0087142
-1.00988, -0.00871484

0.0272218, 0.0217764
0.984825, -0.0108874
-1.01205, -0.010889

0.0327022, 0.0261172
0.981396, -0.0130569
-1.0141, -0.0130603

0.0382023, 0.03045
0.977831, -0.0152218
-1.01603, -0.0152282

0.0437256, 0.0347734
0.974127, -0.0173813
-1.01785, -0.0173921

0.0492754, 0.0390861
0.970284, -0.0195343
-1.01956, -0.0195518

0.0548553, 0.0433864
0.966298, -0.0216798
-1.02115, -0.0217066

0.0604688, 0.0476731
0.962167, -0.0238168
-1.02264, -0.0238563

0.0661194, 0.0519445
0.95789, -0.0259442
-1.02401, -0.0260003

0.0718108, 0.0561991
0.953462, -0.0280607
-1.02527, -0.0281384

0.0775467, 0.0604352
0.948882, -0.030165
-1.02643, -0.0302702

0.0833311, 0.0646512
0.944146, -0.0322559
-1.02748, -0.0323953

0.0891677, 0.0688453
0.939253, -0.0343319
-1.02842, -0.0345134

0.0950607, 0.0730156
0.934198, -0.0363915
-1.02926, -0.0366241

0.101014, 0.0771602
0.928979, -0.038433
-1.02999, -0.0387273

0.107032, 0.0812772
0.923592, -0.0404547
-1.03062, -0.0408225

0.11312, 0.0853644
0.918034, -0.0424548
-1.03115, -0.0429097

0.119281, 0.0894196
0.912301, -0.0444313
-1.03158, -0.0449884

0.12552, 0.0934405
0.906389, -0.046382
-1.03191, -0.0470584

0.131843, 0.0974244
0.900294, -0.0483048
-1.03214, -0.0491196

0.138255, 0.101369
0.894011, -0.0501971
-1.03227, -0.0511717

0.14476, 0.105271
0.887537, -0.0520564
-1.0323, -0.0532145

0.151365, 0.109128
0.880865, -0.0538797
-1.03223, -0.0552478

0.158075, 0.112936
0.873992, -0.055664
-1.03207, -0.0572715

0.164897, 0.116691
0.866911, -0.0574059
-1.03181, -0.0592854

0.171836, 0.120391
0.859617, -0.0591019
-1.03145, -0.0612893

0.1789, 0.124031
0.852104, -0.0607479
-1.031, -0.063283

0.186096, 0.127606
0.844364, -0.0623397
-1.03046, -0.0652666

0.193432, 0.131112
0.836392, -0.0638724
-1.02982, -0.0672397

0.200915, 0.134543
0.828178, -0.0653409
-1.02909, -0.0692024

0.208555, 0.137894
0.819716, -0.0667394
-1.02827, -0.0711546

0.216361, 0.141158
0.810996, -0.0680615
-1.02736, -0.073096

0.224342, 0.144327
0.802009, -0.0693002
-1.02635, -0.0750267

0.232509, 0.147394
0.792745, -0.0704476
-1.02525, -0.0769466

0.240873, 0.15035
0.783193, -0.0714947
-1.02407, -0.0788557

0.249448, 0.153186
0.773341, -0.0724317
-1.02279, -0.0807538

0.258246, 0.155888
0.763175, -0.0732473
-1.02142, -0.082641

0.267283, 0.158446
0.752682, -0.0739286
-1.01996, -0.0845172

0.276573, 0.160843
0.741845, -0.0744611
-1.01842, -0.0863824

0.286136, 0.163064
0.730648, -0.0748277
-1.01678, -0.0882366

0.295989, 0.165089
0.719072, -0.0750089
-1.01506, -0.0900798

0.306155, 0.166894
0.707094, -0.0749819
-1.01325, -0.091912

0.316657, 0.168453
0.694693, -0.0747196
-1.01135, -0.0937332

0.327522, 0.169733
0.68184, -0.07419
-1.00936, -0.0955434

0.33878, 0.170697
0.668508, -0.0733543
-1.00729, -0.0973428

0.350462, 0.171297
0.654662, -0.0721656
-1.00512, -0.0991312

0.362608, 0.171475
0.640266, -0.0705659
-1.00287, -0.100909

0.375259, 0.171158
0.625277, -0.0684826
-1.00054, -0.102676

0.388462, 0.170255
0.609649, -0.0658231
-0.998111, -0.104432

0.402269, 0.168645
0.593328, -0.0624673
-0.995597, -0.106177

0.416736, 0.166168
0.57626, -0.0582554
-0.992996, -0.107912

0.43192, 0.162606
0.558386, -0.0529697
-0.990306, -0.109637

0.447867, 0.157655
0.539661, -0.0463047
-0.987529, -0.11135

0.464589, 0.150872
0.520073, -0.0378186
-0.984662, -0.113054

0.481959, 0.141723
0.499747, -0.0269762
-0.981706, -0.114747

0.499506, 0.130457
0.479154, -0.0140276
-0.97866, -0.116429

0.516755, 0.117377
0.458768, 0.000723684
-0.975523, -0.118101

0.533236, 0.102833
0.439059, 0.0169292
-0.972295, -0.119762

0.548497, 0.0872084
0.420478, 0.0342037
-0.968975, -0.121412

0.562116, 0.0709154
0.403446, 0.052135
-0.965561, -0.12305

0.573709, 0.0543824
0.388345, 0.0702945
-0.962054, -0.124677

0.582944, 0.0380435
0.375508, 0.0882474
-0.958452, -0.126291

0.590003, 0.0222165
0.364751, 0.105675
-0.954755, -0.127892

0.595397, 0.00698764
0.355564, 0.122491
-0.950961, -0.129479

0.599477, -0.00763254
0.347594, 0.138684
-0.947071, -0.131051

0.602497, -0.0216641
0.340586, 0.154273
-0.943083, -0.132609

0.604642, -0.0351385
0.334356, 0.16929
-0.938997, -0.134151

0.60605, -0.0480903
0.328763, 0.183768
-0.934813, -0.135677

0.60683, -0.0605535
0.3237, 0.19774
-0.93053, -0.137187

0.607064, -0.0725599
0.319084, 0.211238
-0.926147, -0.138678

0.60682, -0.0841388
0.314845, 0.224291
-0.921665, -0.140152

0.606152, -0.0953167
0.31093, 0.236924
-0.917082, -0.141607

0.605105, -0.106117
0.307293, 0.249161
-0.912398, -0.143043

0.603716, -0.116563
0.303897, 0.261022
-0.907612, -0.14446

0.602015, -0.126672
0.30071, 0.272527
-0.902725, -0.145856

0.600029, -0.136462
0.297706, 0.283693
-0.897736, -0.147231

0.597781, -0.14595
0.294862, 0.294535
-0.892643, -0.148585

0.59529, -0.15515
0.292158, 0.305067
-0.887447, -0.149917

0.592572, -0.164075
0.289576, 0.315302
-0.882148, -0.151227

0.589641, -0.172736
0.287102, 0.32525
-0.876744, -0.152514

0.586512, -0.181145
0.284723, 0.334922
-0.871235, -0.153777

0.583194, -0.189312
0.282427, 0.344329
-0.865621, -0.155017

0.579698, -0.197245
0.280202, 0.353477
-0.8599, -0.156232

0.576032, -0.204953
0.278041, 0.362376
-0.854073, -0.157423

0.572203, -0.212444
0.275935, 0.371033
-0.848138, -0.158588

0.56822, -0.219725
0.273875, 0.379454
-0.842095, -0.159728

0.564088, -0.226803
0.271856, 0.387644
-0.835944, -0.160841

0.559812, -0.233683
0.269872, 0.395611
-0.829683, -0.161928

0.555397, -0.240371
0.267915, 0.403359
-0.823312, -0.162988

0.550848, -0.246873
0.265982, 0.410893
-0.81683, -0.16402

0.546168, -0.253193
0.264068, 0.418217
-0.810235, -0.165024

0.541361, -0.259335
0.262167, 0.425335
-0.803528, -0.166

0.53643, -0.265304
0.260277, 0.432251
-0.796708, -0.166947

0.531379, -0.271104
0.258394, 0.438969
-0.789772, -0.167865

0.526208, -0.276738
0.256513, 0.445491
-0.782721, -0.168752

0.520921, -0.28221
0.254632, 0.45182
-0.775553, -0.16961

0.515518, -0.287523
0.252748, 0.45796
-0.768267, -0.170437

0.510003, -0.292679
0.250858, 0.463912
-0.760861, -0.171234

0.504376, -0.297681
0.248959, 0.46968
-0.753335, -0.171998

0.498639, -0.302532
0.247049, 0.475264
-0.745688, -0.172731

0.492792, -0.307234
0.245126, 0.480666
-0.737917, -0.173432

0.486836, -0.31179
0.243187, 0.485889
-0.730022, -0.1741

0.480771, -0.3162
0.241229, 0.490934
-0.722001, -0.174735

0.474599, -0.320467
0.239252, 0.495803
-0.713852, -0.175336

0.46832, -0.324592
0.237254, 0.500496
-0.705573, -0.175903

0.461932, -0.328577
0.235231, 0.505014
-0.697164, -0.176437

0.455437, -0.332424
0.233184, 0.509359
-0.688621, -0.176935

0.448834, -0.336133
0.231109, 0.513531
-0.679943, -0.177398

0.442123, -0.339705
0.229005, 0.517531
-0.671128, -0.177826

0.435302, -0.343141
0.226872, 0.521359
-0.662174, -0.178218

0.428372, -0.346443
0.224706, 0.525016
-0.653078, -0.178574

0.42133, -0.34961
0.222507, 0.528502
-0.643838, -0.178893

0.414177, -0.352643
0.220274, 0.531817
-0.634451, -0.179175

0.40691, -0.355542
0.218005, 0.534962
-0.624914, -0.17942

0.399528, -0.358308
0.215698, 0.537935
-0.615225, -0.179627

0.392029, -0.360941
0.213352, 0.540737
-0.605381, -0.179796

0.384412, -0.36344
0.210966, 0.543367
-0.595378, -0.179927

0.376673, -0.365806
0.208539, 0.545826
-0.585212, -0.18002

0.368811, -0.368037
0.206069, 0.548111
-0.57488, -0.180074

0.360823, -0.370133
0.203555, 0.550223
-0.564378, -0.18009

0.352706, -0.372094
0.200996, 0.552161
-0.553702, -0.180066

0.344457, -0.373919
0.198391, 0.553923
-0.542847, -0.180004

0.336071, -0.375605
0.195737, 0.555508
-0.531808, -0.179903

0.327545, -0.377152
0.193035, 0.556916
-0.520581, -0.179764

0.318875, -0.378558
0.190283, 0.558144
-0.509158, -0.179586

0.310056, -0.379821
0.18748, 0.559191
-0.497535, -0.17937

0.301082, -0.380939
0.184623, 0.560055
-0.485705, -0.179116

0.291947, -0.381908
0.181713, 0.560734
-0.473661, -0.178826

0.282646, -0.382727
0.178748, 0.561227
-0.461394, -0.1785

0.27317, -0.38339
0.175727, 0.56153
-0.448897, -0.17814

0.263513, -0.383895
0.172648, 0.561641
-0.436161, -0.177746

0.253664, -0.384237
0.169511, 0.561558
-0.423175, -0.177322

0.243615, -0.38441
0.166314, 0.561278
-0.409929, -0.176868

0.233354, -0.384407
0.163055, 0.560797
-0.396409, -0.17639

0.222869, -0.384223
0.159735, 0.560112
-0.382603, -0.175889

0.212145, -0.383847
0.15635, 0.559219
-0.368496, -0.175372

0.201168, -0.383271
0.152901, 0.558115
-0.35407, -0.174844

0.189919, -0.382483
0.149386, 0.556795
-0.339306, -0.174312

0.178378, -0.381468
0.145805, 0.555254
-0.324182, -0.173786

0.166519, -0.380211
0.142155, 0.553487
-0.308674, -0.173277

0.154317, -0.37869
0.138436, 0.55149
-0.292753, -0.1728

0.141738, -0.376881
0.134647, 0.549257
-0.276384, -0.172376

0.128743, -0.374753
0.130787, 0.546781
-0.259529, -0.172028

0.115286, -0.372265
0.126855, 0.544055
-0.242141, -0.17179

0.101312, -0.369368
0.122852, 0.541074
-0.224163, -0.171706

0.0867504, -0.365992
0.118776, 0.537829
-0.205526, -0.171837

0.0715171, -0.362044
0.114627, 0.534313
-0.186144, -0.172269

0.0555035, -0.357393
0.110406, 0.530516
-0.165909, -0.173123

0.0385714, -0.351845
0.106113, 0.52643
-0.144684, -0.174585

0.0205434, -0.345099
0.101749, 0.522046
-0.122293, -0.176947

0.00119777, -0.336656
0.097317, 0.517354
-0.0985148, -0.180698

-0.0193792, -0.326129
0.0928181, 0.512345
-0.0734389, -0.186216

-0.0406133, -0.313715
0.0882557, 0.507008
-0.0476424, -0.193293

-0.0619128, -0.299652
0.0836333, 0.501335
-0.0217205, -0.201683

-0.082683, -0.284216
0.0789547, 0.495318
0.00372827, -0.211102

-0.102341, -0.267712
0.0742231, 0.488949
0.0281179, -0.221238

-0.120331, -0.250465
0.069441, 0.482223
0.0508896, -0.231757

-0.136136, -0.232816
0.0646101, 0.475131
0.0715261, -0.242315

-0.14958, -0.215095
0.0597307, 0.467667
0.089849, -0.252572

-0.161284, -0.197449
0.0548018, 0.459823
0.106482, -0.262374

-0.171642, -0.179916
0.0498213, 0.451591
0.121821, -0.271675

-0.180917, -0.162487
0.0447857, 0.44296
0.136131, -0.280473

-0.189289, -0.145139
0.0396899, 0.433918
0.149599, -0.288779

-0.196887, -0.127839
0.0345275, 0.42445
0.16236, -0.296611

-0.203803, -0.110552
0.0292898, 0.414542
0.174513, -0.303991

-0.210102, -0.0932396
0.0239661, 0.404175
0.186136, -0.310935

-0.215832, -0.0758637
0.0185426, 0.393327
0.19729, -0.317463

-0.221023, -0.058383
0.013002, 0.381973
0.208021, -0.32359

-0.22569, -0.0407539
0.00732248, 0.370084
0.218368, -0.32933

-0.229838, -0.0229291
0.00147592, 0.357626
0.228362, -0.334697

-0.233454, -0.00485666
-0.00457387, 0.344558
0.238028, -0.339701

-0.236512, 0.0135221
-0.0108743, 0.330832
0.247387, -0.344354

-0.238967, 0.0322743
-0.0174886, 0.316389
0.256455, -0.348664

-0.240744, 0.0514781
-0.0245031, 0.30116
0.265247, -0.352638

-0.241735, 0.071226
-0.0320384, 0.28506
0.273774, -0.356286

-0.241774, 0.0916276
-0.0402691, 0.267984
0.282043, -0.359612

-0.240605, 0.112811
-0.0494573, 0.249811
0.290062, -0.362622

-0.23782, 0.134916
-0.0600164, 0.230407
0.297836, -0.365324

-0.232735, 0.158056
-0.0726316, 0.209664
0.305367, -0.36772

-0.225523, 0.181718
-0.0871332, 0.1881
0.312657, -0.369817

-0.216464, 0.205338
-0.103241, 0.166283
0.319705, -0.371622

-0.205879, 0.228353
-0.120632, 0.144787
0.326511, -0.37314

-0.194127, 0.250207
-0.138949, 0.124174
0.333076, -0.37438

-0.181588, 0.270371
-0.15781, 0.104982
0.339398, -0.375353

-0.16866, 0.288354
-0.176818, 0.087712
0.345478, -0.376066

-0.155747, 0.303748
-0.195571, 0.0727838
0.351318, -0.376532

-0.14306, 0.317236
-0.213861, 0.059523
0.356921, -0.376759

-0.130663, 0.329264
-0.231627, 0.0474945
0.36229, -0.376758

-0.118567, 0.34013
-0.248863, 0.0364076
0.367429, -0.376537

-0.106756, 0.350044
-0.265587, 0.026061
0.372343, -0.376105

-0.0952104, 0.359158
-0.281824, 0.0163103
0.377035, -0.375469

-0.0839078, 0.367586
-0.297601, 0.0070491
0.381509, -0.374635

-0.0728264, 0.375413
-0.312945, -0.00180312
0.385771, -0.37361

-0.0619457, 0.382708
-0.327878, -0.0103084
0.389824, -0.3724

-0.0512477, 0.389525
-0.342425, -0.0185156
0.393673, -0.371009

-0.0407158, 0.395906
-0.356605, -0.0264638
0.397321, -0.369442

-0.0303353, 0.401888
-0.370438, -0.0341844
0.400773, -0.367703

-0.020093, 0.407499
-0.383939, -0.0417034
0.404032, -0.365796

-0.00997734, 0.412766
-0.397124, -0.0490422
0.407102, -0.363724

2.23476e-05, 0.417708
-0.410008, -0.0562189
0.409985, -0.361489

0.0099155, 0.422343
-0.422602, -0.0632486
0.412687, -0.359095

0.0197107, 0.426687
-0.43492, -0.0701442
0.415209, -0.356543

0.0294155, 0.430752
-0.44697, -0.0769168
0.417555, -0.353835

0.039037, 0.43455
-0.458764, -0.083576
0.419727, -0.350974

0.0485816, 0.43809
-0.47031, -0.0901301
0.421729, -0.34796

0.058055, 0.441381
-0.481617, -0.0965862
0.423562, -0.344794

0.0674625, 0.444429
-0.492693, -0.102951
0.425231, -0.341478

0.076809, 0.447241
-0.503544, -0.109229
0.426735, -0.338012

0.0860989, 0.449823
-0.514178, -0.115427
0.428079, -0.334396

0.0953363, 0.452178
-0.524601, -0.121548
0.429265, -0.330631

0.104525, 0.454312
-0.534818, -0.127596
0.430293, -0.326716

0.113669, 0.456226
-0.544836, -0.133575
0.431168, -0.322651

0.12277, 0.457924
-0.554659, -0.139488
0.431889, -0.318437

0.131833, 0.459409
-0.564292, -0.145337
0.43246, -0.314071

0.140859, 0.46068
-0.57374, -0.151126
0.432881, -0.309554

0.149852, 0.46174
-0.583007, -0.156856
0.433155, -0.304885

0.158814, 0.46259
-0.592097, -0.16253
0.433283, -0.300061

0.167746, 0.46323
-0.601014, -0.168149
0.433268, -0.295081

0.176652, 0.463659
-0.609761, -0.173715
0.433109, -0.289944

0.185533, 0.463877
-0.618343, -0.17923
0.43281, -0.284648

0.194391, 0.463884
-0.626761, -0.184694
0.432371, -0.279189

0.203227, 0.463677
-0.63502, -0.19011
0.431793, -0.273567

0.212043, 0.463256
-0.643122, -0.195479
0.431079, -0.267777

0.22084, 0.462618
-0.65107, -0.200801
0.43023, -0.261817

0.22962, 0.461761
-0.658866, -0.206077
0.429247, -0.255684

0.238383, 0.460681
-0.666514, -0.211308
0.428131, -0.249373

0.247131, 0.459375
-0.674015, -0.216496
0.426884, -0.24288

0.255865, 0.45784
-0.681371, -0.22164
0.425507, -0.2362

0.264584, 0.456071
-0.688586, -0.226741
0.424002, -0.22933

0.27329, 0.454062
-0.695661, -0.2318
0.422371, -0.222262

0.281983, 0.451809
-0.702598, -0.236817
0.420615, -0.214992

0.290664, 0.449305
-0.709399, -0.241794
0.418735, -0.207512

0.299331, 0.446544
-0.716066, -0.246729
0.416735, -0.199815

0.307985, 0.443517
-0.7226, -0.251624
0.414615, -0.191893

0.316625, 0.440217
-0.729004, -0.256478
0.412379, -0.183738

0.325251, 0.436633
-0.735279, -0.261293
0.410028, -0.17534

0.333861, 0.432756
-0.741426, -0.266068
0.407566, -0.166688

0.342453, 0.428573
-0.747448, -0.270803
0.404995, -0.15777

0.351026, 0.424073
-0.753345, -0.275499
0.402319, -0.148574

0.359576, 0.419239
-0.759119, -0.280155
0.399543, -0.139084

0.3681, 0.414057
-0.764772, -0.284772
0.396672, -0.129285

0.376594, 0.408508
-0.770304, -0.28935
0.39371, -0.119158

0.385052, 0.402572
-0.775718, -0.293888
0.390666, -0.108683

0.393468, 0.396225
-0.781013, -0.298387
0.387546, -0.0978373

0.401832, 0.389441
-0.786193, -0.302847
0.384361, -0.0865936

0.410135, 0.38219
-0.791257, -0.307267
0.381123, -0.0749223

0.418362, 0.374437
-0.796208, -0.311648
0.377846, -0.0627888

0.426496, 0.366143
-0.801046, -0.315989
0.374549, -0.0501534

0.434516, 0.35726
-0.805772, -0.32029
0.371256, -0.0369693

0.442393, 0.347734
-0.810388, -0.324552
0.367995, -0.0231819

0.450088, 0.337499
-0.814895, -0.328773
0.364807, -0.00872605

0.457552, 0.326478
-0.819294, -0.332954
0.361742, 0.00647593

0.464717, 0.314576
-0.823587, -0.337094
0.35887, 0.0225182

0.471485, 0.301678
-0.827774, -0.341194
0.356289, 0.0395156

0.47772, 0.287643
-0.831857, -0.345252
0.354137, 0.0576097

0.483218, 0.272295
-0.835837, -0.34927
0.352619, 0.0769753

0.487667, 0.255421
-0.839715, -0.353246
0.352048, 0.0978255

0.490564, 0.236774
-0.843493, -0.357181
0.352929, 0.120407

0.491698, 0.216654
-0.847173, -0.361075
0.355474, 0.144421

0.491087, 0.195612
-0.850755, -0.364927
0.359668, 0.169315

0.488788, 0.174223
-0.854241, -0.368738
0.365452, 0.194515

0.484904, 0.15307
-0.857632, -0.372508
0.372728, 0.219438

0.479573, 0.132729
-0.860931, -0.376237
0.381358, 0.243508

0.472969, 0.113755
-0.864137, -0.379926
0.391169, 0.26617

0.465296, 0.0966701
-0.867253, -0.383575
0.401957, 0.286904

0.45679, 0.0819279
-0.870279, -0.387184
0.413489, 0.305256

0.447869, 0.069066
-0.873216, -0.390754
0.425347, 0.321688

0.438762, 0.0577357
-0.876065, -0.394285
0.437303, 0.336549

0.429599, 0.0476749
-0.878826, -0.397778
0.449227, 0.350103

0.420457, 0.0386838
-0.8815, -0.401233
0.461044, 0.362549

0.411381, 0.030607
-0.884088, -0.40465
0.472707, 0.374043

0.402399, 0.0233221
-0.886589, -0.40803
0.48419, 0.384707

0.393527, 0.0167304
-0.889005, -0.411372
0.495478, 0.394642

0.384773, 0.0107515
-0.891335, -0.414678
0.506562, 0.403926

0.376141, 0.00531897
-0.893579, -0.417947
0.517439, 0.412628

0.367632, 0.000377101
-0.895739, -0.421179
0.528107, 0.420802

0.359246, -0.00412127
-0.897813, -0.424375
0.538567, 0.428497

0.350981, -0.00821648
-0.899803, -0.427535
0.548823, 0.435752

0.342833, -0.0119433
-0.901708, -0.430658
0.558875, 0.442602

0.3348, -0.0153321
-0.903529, -0.433746
0.568729, 0.449078

0.326878, -0.0184093
-0.905265, -0.436797
0.578387, 0.455206

0.319063, -0.0211983
-0.906916, -0.439811
0.587853, 0.46101

0.311351, -0.02372
-0.908483, -0.44279
0.597132, 0.46651

0.303739, -0.025993
-0.909966, -0.445732
0.606227, 0.471725

0.296223, -0.0280338
-0.911363, -0.448638
0.615141, 0.476672

0.288799, -0.0298576
-0.912677, -0.451508
0.623878, 0.481366

0.281463, -0.031478
-0.913905, -0.454341
0.632442, 0.485819

0.274212, -0.0329074
-0.915049, -0.457138
0.640837, 0.490045

0.267043, -0.034157
-0.916108, -0.459898
0.649065, 0.494055

0.259953, -0.0352375
-0.917082, -0.462621
0.65713, 0.497858

0.252937, -0.0361582
-0.917971, -0.465306
0.665034, 0.501465

0.245994, -0.0369281
-0.918775, -0.467955
0.672781, 0.504883

0.23912, -0.0375554
-0.919494, -0.470566
0.680373, 0.508121

0.232313, -0.0380476
-0.920127, -0.473139
0.687814, 0.511187

0.225569, -0.038412
-0.920674, -0.475675
0.695105, 0.514087

0.218887, -0.038655
-0.921136, -0.478172
0.702249, 0.516827

0.212263, -0.0387831
-0.921512, -0.480631
0.709249, 0.519414

0.205695, -0.0388019
-0.921801, -0.483051
0.716106, 0.521852

0.199181, -0.0387171
-0.922004, -0.485431
0.722823, 0.524148

0.192718, -0.0385338
-0.92212, -0.487772
0.729402, 0.526306

0.186305, -0.038257
-0.92215, -0.490074
0.735845, 0.528331

0.179939, -0.0378913
-0.922092, -0.492335
0.742153, 0.530227

0.173617, -0.0374412
-0.921947, -0.494556
0.74833, 0.531997

0.167339, -0.0369108
-0.921714, -0.496736
0.754375, 0.533647

0.161102, -0.0363043
-0.921393, -0.498874
0.760291, 0.535179

0.154904, -0.0356255
-0.920984, -0.500971
0.76608, 0.536596

0.148744, -0.0348781
-0.920487, -0.503025
0.771743, 0.537903

0.142619, -0.0340656
-0.919901, -0.505037
0.777282, 0.539103

0.136527, -0.0331914
-0.919225, -0.507005
0.782698, 0.540197

0.130468, -0.0322589
-0.918461, -0.50893
0.787992, 0.541189

0.124439, -0.0312713
-0.917606, -0.510811
0.793166, 0.542082

0.11844, -0.0302315
-0.916661, -0.512647
0.798222, 0.542878

0.112467, -0.0291425
-0.915626, -0.514437
0.803159, 0.54358

0.10652, -0.0280073
-0.9145, -0.516182
0.80798, 0.544189

0.100597, -0.0268287
-0.913282, -0.51788
0.812685, 0.544708

0.0946966, -0.0256093
-0.911973, -0.519531
0.817277, 0.54514

0.0888175, -0.0243518
-0.910572, -0.521134
0.821755, 0.545486

0.082958, -0.0230589
-0.909079, -0.522689
0.826121, 0.545748

0.0771169, -0.021733
-0.907492, -0.524195
0.830375, 0.545928

0.0712926, -0.0203767
-0.905812, -0.525651
0.83452, 0.546027

0.0654838, -0.0189924
-0.904039, -0.527056
0.838555, 0.546048

0.0596891, -0.0175824
-0.902171, -0.52841
0.842482, 0.545993

0.0539072, -0.0161492
-0.900208, -0.529712
0.846301, 0.545862

0.0481367, -0.0146951
-0.89815, -0.530962
0.850014, 0.545657

0.0423763, -0.0132223
-0.895997, -0.532157
0.85362, 0.54538

0.0366247, -0.0117332
-0.893747, -0.533299
0.857122, 0.545032

0.0308806, -0.0102299
-0.8914, -0.534384
0.86052, 0.544614

0.0251427, -0.00871477
-0.888956, -0.535414
0.863813, 0.544129

0.0194097, -0.00718991
-0.886414, -0.536386
0.867005, 0.543576

0.0136803, -0.00565757
-0.883774, -0.5373
0.870093, 0.542958

0.00795324, -0.00411991
-0.881034, -0.538155
0.873081, 0.542275

0.00222721, -0.00257914
-0.878195, -0.53895
0.875967, 0.541529

-0.00349904, -0.00103743
-0.875255, -0.539683
0.878754, 0.54072

-0.00922681, 0.00050305
-0.872214, -0.540354
0.881441, 0.539851

-0.0149574, 0.00204011
-0.869071, -0.540961
0.884029, 0.538921

-0.020692, 0.00357156
-0.865826, -0.541504
0.886518, 0.537932

-0.026432, 0.00509519
-0.862478, -0.54198
0.88891, 0.536885

-0.0321787, 0.0066088
-0.859025, -0.54239
0.891204, 0.535781

-0.0379333, 0.00811016
-0.855468, -0.54273
0.893402, 0.53462

-0.0436972, 0.00959702
-0.851806, -0.543001
0.895503, 0.533404

-0.0494718, 0.0110671
-0.848037, -0.543201
0.897509, 0.532134

-0.0552583, 0.0125181
-0.844161, -0.543328
0.899419, 0.530809

-0.061058, 0.0139477
-0.840177, -0.54338
0.901235, 0.529432

-0.0668725, 0.0153535
-0.836084, -0.543356
0.902956, 0.528003

-0.072703, 0.0167331
-0.831881, -0.543255
0.904584, 0.526522

-0.0785509, 0.0180841
-0.827567, -0.543075
0.906118, 0.524991

-0.0844177, 0.0194039
-0.823141, -0.542813
0.907559, 0.523409

-0.0903049, 0.0206901
-0.818602, -0.542468
0.908907, 0.521778

-0.0962139, 0.02194
-0.813949, -0.542039
0.910163, 0.520099

-0.102146, 0.0231509
-0.809182, -0.541523
0.911328, 0.518372

-0.108103, 0.0243201
-0.804297, -0.540917
0.9124, 0.516597

-0.114087, 0.0254447
-0.799296, -0.54022
0.913382, 0.514776

-0.120098, 0.0265219
-0.794175, -0.53943
0.914273, 0.512908

-0.126139, 0.0275487
-0.788935, -0.538544
0.915074, 0.510995

-0.132211, 0.0285219
-0.783573, -0.537559
0.915784, 0.509037

-0.138317, 0.0294385
-0.778089, -0.536472
0.916405, 0.507034

-0.144456, 0.030295
-0.77248, -0.535282
0.916936, 0.504987

-0.150633, 0.0310879
-0.766746, -0.533985
0.917379, 0.502897

-0.156848, 0.0318139
-0.760884, -0.532577
0.917732, 0.500764

-0.163103, 0.032469
-0.754894, -0.531057
0.917996, 0.498588

-0.1694, 0.0330494
-0.748773, -0.529419
0.918173, 0.49637

-0.175741, 0.033551
-0.74252, -0.527661
0.918261, 0.49411

-0.182129, 0.0339696
-0.736132, -0.525778
0.918262, 0.491809

-0.188565, 0.0343006
-0.729609, -0.523767
0.918174, 0.489467

-0.195052, 0.0345394
-0.722948, -0.521623
0.918, 0.487084

-0.201592, 0.0346809
-0.716147, -0.519342
0.917738, 0.484661

-0.208187, 0.0347198
-0.709203, -0.516918
0.91739, 0.482199

-0.214839, 0.0346507
-0.702115, -0.514347
0.916955, 0.479696

-0.221552, 0.0344674
-0.69488, -0.511622
0.916433, 0.477155

-0.228328, 0.0341638
-0.687496, -0.508738
0.915825, 0.474575

-0.23517, 0.0337331
-0.679961, -0.505689
0.915131, 0.471956

-0.24208, 0.033168
-0.67227, -0.502466
0.91435, 0.469298

-0.249061, 0.0324609
-0.664423, -0.499063
0.913484, 0.466602

-0.256117, 0.0316033
-0.656415, -0.495472
0.912532, 0.463869

-0.263251, 0.0305862
-0.648244, -0.491683
0.911494, 0.461097

-0.270465, 0.0293999
-0.639906, -0.487688
0.910371, 0.458288

-0.277764, 0.0280338
-0.631399, -0.483476
0.909163, 0.455442

-0.285151, 0.0264763
-0.622718, -0.479034
0.907869, 0.452558

-0.292629, 0.0247146
-0.61386, -0.474352
0.90649, 0.449637

-0.300203, 0.0227349
-0.604822, -0.469414
0.905025, 0.446679

-0.307877, 0.0205217
-0.595599, -0.464206
0.903475, 0.443684

-0.315653, 0.0180579
-0.586188, -0.458711
0.901841, 0.440653

-0.323537, 0.0153243
-0.576584, -0.452908
0.900121, 0.437584

-0.331532, 0.0122997
-0.566783, -0.446778
0.898315, 0.434479

-0.339643, 0.00895989
-0.556782, -0.440296
0.896425, 0.431336

-0.347873, 0.00527737
-0.546576, -0.433435
0.894449, 0.428157

-0.356226, 0.00122085
-0.536162, -0.426162
0.892388, 0.424941

-0.364705, -0.0032458
-0.525536, -0.418442
0.890241, 0.421688

-0.373312, -0.00816453
-0.514697, -0.410233
0.888009, 0.418398

-0.382048, -0.0135845
-0.503642, -0.401486
0.88569, 0.415071

-0.390913, -0.0195641
-0.492373, -0.392142
0.883286, 0.411706

-0.399901, -0.026173
-0.480894, -0.38213
0.880795, 0.408303

-0.409004, -0.033496
-0.469213, -0.371367
0.878218, 0.404863

-0.418205, -0.0416375
-0.457348, -0.359747
0.875553, 0.401385

-0.427474, -0.0507278
-0.445327, -0.34714
0.872801, 0.397868

-0.436761, -0.0609328
-0.4332, -0.33338
0.869961, 0.394313

-0.445982, -0.0724676
-0.421051, -0.318251
0.867033, 0.390718

-0.454988, -0.0856153
-0.409027, -0.301469
0.864015, 0.387085

-0.463519, -0.100754
-0.397389, -0.282657
0.860908, 0.383411

-0.471176, -0.118149
-0.386534, -0.261547
0.85771, 0.379697

-0.477728, -0.13732
-0.376691, -0.238622
0.85442, 0.375942

-0.482972, -0.157738
-0.368064, -0.214407
0.851036, 0.372146

-0.486734, -0.178848
-0.360824, -0.18946
0.847559, 0.368308

-0.488878, -0.200072
-0.355107, -0.164357
0.843985, 0.364428

-0.489306, -0.22083
-0.351009, -0.139676
0.840315, 0.360506

-0.487962, -0.240556
-0.348584, -0.115987
0.836546, 0.356542

-0.484832, -0.258704
-0.347844, -0.093832
0.832676, 0.352536

-0.480268, -0.275159
-0.348437, -0.0733288
0.828705, 0.348488

-0.474721, -0.290153
-0.34991, -0.0542447
0.82463, 0.344397

-0.468473, -0.303885
-0.351978, -0.0363807
0.820451, 0.340265

-0.461714, -0.316518
-0.354452, -0.0195734
0.816167, 0.336091

-0.454571, -0.328185
-0.357204, -0.00369028
0.811775, 0.331876

-0.447134, -0.338996
-0.36014, 0.011377
0.807274, 0.327619

-0.439468, -0.349039
-0.363196, 0.0257175
0.802664, 0.323321

-0.431622, -0.358387
-0.366321, 0.0394051
0.797943, 0.318982

-0.423631, -0.367104
-0.369478, 0.0525017
0.793109, 0.314602

-0.415525, -0.375242
-0.372638, 0.0650598
0.788162, 0.310182

-0.407323, -0.382845
-0.375778, 0.077124
0.783101, 0.305721

-0.399043, -0.389953
-0.378879, 0.0887327
0.777923, 0.30122

-0.390699, -0.396598
-0.381928, 0.0999192
0.772627, 0.296679

-0.382301, -0.40281
-0.384912, 0.110713
0.767213, 0.292098

-0.373857, -0.408614
-0.387822, 0.121138
0.761679, 0.287476

-0.365375, -0.414033
-0.390649, 0.131218
0.756024, 0.282814

-0.35686, -0.419086
-0.393386, 0.140973
0.750246, 0.278113

-0.348315, -0.423791
-0.396028, 0.15042
0.744343, 0.273371

-0.339746, -0.428164
-0.398569, 0.159575
0.738315, 0.268589

-0.331154, -0.432218
-0.401006, 0.168452
0.732159, 0.263767

-0.322542, -0.435968
-0.403333, 0.177064
0.725875, 0.258904

-0.313911, -0.439423
-0.405549, 0.185422
0.71946, 0.254001

-0.305263, -0.442593
-0.40765, 0.193537
0.712913, 0.249057

-0.296599, -0.445489
-0.409633, 0.201418
0.706232, 0.244072

-0.287919, -0.448119
-0.411496, 0.209073
0.699415, 0.239045

-0.279223, -0.450489
-0.413237, 0.216512
0.69246, 0.233977

-0.270513, -0.452606
-0.414853, 0.223739
0.685366, 0.228867

-0.261787, -0.454477
-0.416344, 0.230762
0.67813, 0.223715

-0.253045, -0.456107
-0.417706, 0.237588
0.670751, 0.218519

-0.244286, -0.4575
-0.418938, 0.24422
0.663225, 0.21328

-0.235511, -0.458661
-0.420039, 0.250664
0.655551, 0.207997

-0.226718, -0.459593
-0.421007, 0.256925
0.647725, 0.202668

-0.217907, -0.4603
-0.42184, 0.263006
0.639747, 0.197294

-0.209075, -0.460785
-0.422537, 0.268912
0.631612, 0.191873

-0.200222, -0.461049
-0.423096, 0.274644
0.623318, 0.186405

-0.191347, -0.461096
-0.423516, 0.280208
0.614863, 0.180888

-0.182448, -0.460925
-0.423794, 0.285604
0.606242, 0.175321

-0.173522, -0.460539
-0.42393, 0.290836
0.597452, 0.169703

-0.164569, -0.459937
-0.423922, 0.295905
0.588491, 0.164032

-0.155587, -0.459121
-0.423768, 0.300814
0.579354, 0.158307

-0.146572, -0.458089
-0.423466, 0.305564
0.570038, 0.152526

-0.137523, -0.456842
-0.423014, 0.310156
0.560538, 0.146686

-0.128438, -0.455379
-0.422411, 0.314592
0.550849, 0.140786

-0.119313, -0.453697
-0.421655, 0.318873
0.540968, 0.134824

-0.110146, -0.451794
-0.420744, 0.322998
0.53089, 0.128796

-0.100932, -0.449669
-0.419676, 0.32697
0.520608, 0.122699

-0.0916702, -0.447318
-0.418448, 0.330787
0.510118, 0.116531

-0.082355, -0.444736
-0.417058, 0.33445
0.499413, 0.110287

-0.0729827, -0.44192
-0.415505, 0.337958
0.488488, 0.103962

-0.063549, -0.438865
-0.413785, 0.341311
0.477334, 0.0975531

-0.0540489, -0.435563
-0.411896, 0.344509
0.465945, 0.0910534

-0.0444771, -0.432007
-0.409835, 0.34755
0.454312, 0.084457

-0.0348278, -0.42819
-0.4076, 0.350434
0.442428, 0.0777568

-0.0250946, -0.424102
-0.405187, 0.353158
0.430282, 0.0709445

-0.0152705, -0.419731
-0.402594, 0.35572
0.417865, 0.0640107

-0.00534764, -0.415064
-0.399817, 0.35812
0.405165, 0.0569444

0.00468262, -0.410087
-0.396853, 0.360354
0.392171, 0.0497327

0.0148299, -0.40478
-0.393699, 0.362419
0.378869, 0.0423605

0.0251048, -0.399123
-0.39035, 0.364313
0.365245, 0.0348097

0.0355194, -0.393091
-0.386803, 0.366032
0.351283, 0.0270589

0.0460871, -0.386654
-0.383053, 0.367572
0.336966, 0.0190819

0.0568228, -0.379775
-0.379098, 0.368928
0.322275, 0.0108469

0.0677436, -0.37241
-0.374931, 0.370096
0.307188, 0.00231446

0.0788681, -0.364504
-0.37055, 0.371069
0.291682, -0.0065651

0.0902171, -0.355988
-0.365949, 0.371843
0.275732, -0.0158551

0.101813, -0.346772
-0.361124, 0.37241
0.259311, -0.0256379

0.113679, -0.336739
-0.35607, 0.372762
0.24239, -0.0360232

0.125837, -0.325732
-0.350782, 0.372892
0.224945, -0.0471603

0.1383, -0.313532
-0.345256, 0.372791
0.206957, -0.059259

0.151056, -0.299824
-0.339489, 0.372448
0.188433, -0.0726242

0.164033, -0.284138
-0.333476, 0.371853
0.169443, -0.0877153

0.176989, -0.265879
-0.327215, 0.370996
0.150226, -0.105116

0.189517, -0.245492
-0.320704, 0.369864
0.131187, -0.124372

0.201215, -0.223471
-0.313943, 0.368447
0.112728, -0.144976

0.211701, -0.200346
-0.306932, 0.366735
0.0952309, -0.16639

0.220616, -0.176671
-0.299671, 0.36472
0.0790548, -0.188048

0.227639, -0.153011
-0.292162, 0.362392
0.0645224, -0.209381

0.232491, -0.129924
-0.284403, 0.359746
0.0519124, -0.229823

0.235145, -0.107838
-0.276394, 0.356777
0.0412494, -0.248939

0.236238, -0.0866342
-0.268131, 0.353477
0.0318932, -0.266842

0.236152, -0.0661749
-0.259607, 0.34984
0.0234557, -0.283665

0.235127, -0.0463347
-0.250816, 0.345861
0.015689, -0.299526

0.23332, -0.0270066
-0.241748, 0.341531
0.00842744, -0.314524

0.230832, -0.0081001
-0.232388, 0.336842
0.00155598, -0.328742

0.227729, 0.0104619
-0.222721, 0.331784
-0.00500775, -0.342246

0.224052, 0.0287463
-0.212727, 0.326347
-0.0113243, -0.355093

0.219821, 0.0468117
-0.202382, 0.320518
-0.0174392, -0.36733

0.21504, 0.064711
-0.191653, 0.314285
-0.023387, -0.378996

0.209699, 0.0824929
-0.180504, 0.30763
-0.0291946, -0.390123

0.203769, 0.100203
-0.168887, 0.300538
-0.0348829, -0.400741

0.197208, 0.117884
-0.15674, 0.292988
-0.0404684, -0.410872

0.189951, 0.135578
-0.143987, 0.28496
-0.0459638, -0.420539

0.181904, 0.153325
-0.130525, 0.276432
-0.0513794, -0.429757

0.172938, 0.171162
-0.116215, 0.267382
-0.0567229, -0.438544

0.162867, 0.189118
-0.100867, 0.257794
-0.062, -0.446912

0.15142, 0.207207
-0.0842052, 0.247665
-0.067215, -0.454872

0.138184, 0.225396
-0.065814, 0.237038
-0.0723704, -0.462434

0.122501, 0.243537
-0.0450334, 0.226071
-0.0774672, -0.469607

0.104674, 0.261284
-0.0221683, 0.215115
-0.0825053, -0.476399

0.0852185, 0.278286
0.00226436, 0.20453
-0.0874829, -0.482816

0.0646902, 0.294206
0.027707, 0.194661
-0.0923971, -0.488867

0.0436687, 0.308729
0.0535759, 0.185831
-0.0972447, -0.49456

0.0227452, 0.321567
0.0792765, 0.178337
-0.102022, -0.499904

0.00250648, 0.332472
0.104218, 0.172437
-0.106724, -0.504909

-0.016479, 0.341237
0.127829, 0.168348
-0.11135, -0.509584

-0.034216, 0.348352
0.150112, 0.16559
-0.115896, -0.513942

-0.0509117, 0.35429
0.171273, 0.163702
-0.120361, -0.517992

-0.066732, 0.359338
0.191476, 0.162406
-0.124744, -0.521745

-0.0818067, 0.363683
0.210852, 0.161526
-0.129045, -0.52521

-0.0962378, 0.367453
0.229502, 0.160943
-0.133264, -0.528396

-0.110106, 0.370739
0.247507, 0.160574
-0.137401, -0.531312

-0.123477, 0.373607
0.264934, 0.160359
-0.141456, -0.533966

-0.136404, 0.376109
0.281836, 0.160257
-0.145431, -0.536366

-0.148931, 0.378284
0.298258, 0.160234
-0.149327, -0.538517

-0.161095, 0.380162
0.314239, 0.160265
-0.153144, -0.540428

-0.172927, 0.38177
0.329811, 0.160333
-0.156884, -0.542103

-0.184454, 0.383127
0.345002, 0.160421
-0.160548, -0.543548

-0.195698, 0.38425
0.359836, 0.160519
-0.164138, -0.544769

-0.20668, 0.385153
0.374334, 0.160617
-0.167654, -0.545771

-0.217417, 0.385849
0.388515, 0.160708
-0.171098, -0.546557

-0.227923, 0.386346
0.402395, 0.160786
-0.174471, -0.547132

-0.238213, 0.386654
0.415989, 0.160846
-0.177776, -0.5475

-0.248299, 0.38678
0.429311, 0.160884
-0.181012, -0.547664

-0.25819, 0.38673
0.442372, 0.160898
-0.184182, -0.547628

-0.267896, 0.38651
0.455183, 0.160885
-0.187287, -0.547395

-0.277426, 0.386125
0.467755, 0.160843
-0.190328, -0.546968

-0.286788, 0.385579
0.480095, 0.16077
-0.193307, -0.546349

-0.295988, 0.384875
0.492214, 0.160665
-0.196225, -0.54554

-0.305033, 0.384017
0.504117, 0.160527
-0.199084, -0.544544

-0.313928, 0.383008
0.515812, 0.160355
-0.201884, -0.543363

-0.322678, 0.381849
0.527305, 0.16015
-0.204627, -0.541999

-0.331288, 0.380544
0.538603, 0.159909
-0.207315, -0.540453

-0.339763, 0.379093
0.549711, 0.159634
-0.209948, -0.538727

-0.348105, 0.377498
0.560635, 0.159324
-0.212529, -0.536822

-0.356319, 0.375761
0.571378, 0.158979
-0.215058, -0.53474

-0.364408, 0.373882
0.581946, 0.158599
-0.217538, -0.532481

-0.372374, 0.371863
0.592342, 0.158184
-0.219968, -0.530046

-0.38022, 0.369703
0.602571, 0.157733
-0.222351, -0.527437

-0.387949, 0.367404
0.612637, 0.157249
-0.224688, -0.524653

-0.395562, 0.364966
0.622542, 0.156729
-0.22698, -0.521695

-0.403062, 0.362389
0.632291, 0.156176
-0.229229, -0.518564

-0.410449, 0.359672
0.641886, 0.155588
-0.231437, -0.51526

-0.417726, 0.356816
0.65133, 0.154967
-0.233604, -0.511783

-0.424894, 0.35382
0.660626, 0.154312
-0.235732, -0.508133

-0.431953, 0.350685
0.669776, 0.153625
-0.237823, -0.504309

-0.438905, 0.347408
0.678784, 0.152905
-0.239879, -0.500312

-0.44575, 0.343989
0.687651, 0.152152
-0.241901, -0.496141

-0.452489, 0.340428
0.696379, 0.151368
-0.24389, -0.491795

-0.459123, 0.336723
0.704971, 0.150552
-0.245849, -0.487275

-0.46565, 0.332873
0.713429, 0.149705
-0.247779, -0.482577

-0.472072, 0.328876
0.721754, 0.148827
-0.249682, -0.477703

-0.478388, 0.324732
0.729948, 0.147919
-0.25156, -0.472651

-0.484598, 0.320438
0.738013, 0.146981
-0.253415, -0.467419

-0.490702, 0.315992
0.745951, 0.146013
-0.255249, -0.462006

-0.496698, 0.311393
0.753763, 0.145017
-0.257066, -0.45641

-0.502585, 0.306638
0.761451, 0.143991
-0.258866, -0.45063

-0.508363, 0.301725
0.769015, 0.142938
-0.260652, -0.444663

-0.51403, 0.296651
0.776458, 0.141856
-0.262428, -0.438507

-0.519585, 0.291413
0.783781, 0.140748
-0.264195, -0.43216

-0.525026, 0.286008
0.790984, 0.139612
-0.265958, -0.42562

-0.53035, 0.280433
0.798069, 0.13845
-0.267719, -0.418883

-0.535556, 0.274685
0.805037, 0.137261
-0.269481, -0.411946

-0.54064, 0.268758
0.811889, 0.136047
-0.271249, -0.404806

-0.5456, 0.26265
0.818627, 0.134808
-0.273027, -0.397459

-0.550432, 0.256356
0.82525, 0.133544
-0.274819, -0.389901

-0.555132, 0.249871
0.83176, 0.132256
-0.276629, -0.382127

-0.559696, 0.24319
0.838159, 0.130944
-0.278463, -0.374134

-0.564119, 0.236307
0.844445, 0.129609
-0.280326, -0.365915

-0.568397, 0.229216
0.850622, 0.12825
-0.282225, -0.357466

-0.572522, 0.22191
0.856688, 0.12687
-0.284166, -0.34878

-0.576488, 0.214383
0.862645, 0.125467
-0.286158, -0.33985

-0.580287, 0.206627
0.868495, 0.124043
-0.288207, -0.33067

-0.583912, 0.198633
0.874236, 0.122598
-0.290324, -0.321231

-0.587352, 0.190393
0.87987, 0.121132
-0.292519, -0.311524

-0.590596, 0.181895
0.885398, 0.119646
-0.294803, -0.301542

-0.593631, 0.173131
0.890821, 0.118141
-0.29719, -0.291272

-0.596444, 0.164086
0.896138, 0.116617
-0.299694, -0.280704

-0.599018, 0.15475
0.90135, 0.115075
-0.302332, -0.269825

-0.601335, 0.145107
0.906459, 0.113514
-0.305124, -0.258621

-0.603371, 0.135141
0.911464, 0.111937
-0.308093, -0.247078

-0.605102, 0.124835
0.916366, 0.110342
-0.311264, -0.235178

-0.606497, 0.114171
0.921166, 0.108731
-0.314669, -0.222902

-0.607519, 0.103125
0.925864, 0.107105
-0.318344, -0.21023

-0.608127, 0.0916761
0.93046, 0.105463
-0.322334, -0.197139

-0.608265, 0.0797967
0.934956, 0.103807
-0.326691, -0.183604

-0.607871, 0.0674583
0.939352, 0.102137
-0.331481, -0.169596

-0.606862, 0.0546298
0.943648, 0.100454
-0.336785, -0.155084

-0.605137, 0.0412781
0.947845, 0.098758
-0.342708, -0.140036

-0.602561, 0.0273691
0.951943, 0.0970499
-0.349382, -0.124419

-0.59896, 0.012872
0.955944, 0.0953303
-0.356984, -0.108202

-0.594096, -0.00223423
0.959847, 0.0935999
-0.365752, -0.0913656

-0.58764, -0.017943
0.963654, 0.0918592
-0.376014, -0.0739161

-0.579126, -0.0341826
0.967366, 0.0901088
-0.38824, -0.0559262

-0.568184, -0.0506905
0.970982, 0.0883494
-0.402798, -0.0376588

-0.555134, -0.0670318
0.974504, 0.0865813
-0.419371, -0.0195495

-0.540344, -0.0827754
0.977934, 0.0848052
-0.43759, -0.00202982

-0.524227, -0.0975049
0.981271, 0.0830214
-0.457044, 0.0144836

-0.507227, -0.110829
0.984516, 0.08123
-0.477289, 0.0295994

-0.489809, -0.122393
0.987672, 0.0794314
-0.497863, 0.0429616

-0.472447, -0.131883
0.990737, 0.0776255
-0.51829, 0.0542579

-0.455613, -0.139041
0.993713, 0.0758125
-0.5381, 0.0632281

-0.439524, -0.14425
0.9966, 0.0739923
-0.557076, 0.0702581

-0.424192, -0.147988
0.999399, 0.0721649
-0.575208, 0.0758226

-0.409579, -0.15058
1.00211, 0.0703303
-0.592532, 0.0802498

-0.395634, -0.152262
1.00473, 0.0684882
-0.6091, 0.0837734

-0.382302, -0.153203
1.00727, 0.0666389
-0.624968, 0.0865644

-0.369531, -0.153533
1.00972, 0.064782
-0.640187, 0.0887509

-0.357274, -0.153349
1.01208, 0.0629177
-0.654805, 0.0904315

-0.345489, -0.152729
1.01435, 0.0610459
-0.668864, 0.0916831

-0.334137, -0.151734
1.01654, 0.0591665
-0.682403, 0.0925671

-0.323185, -0.150413
1.01864, 0.0572795
-0.695454, 0.093133

-0.312601, -0.148807
1.02065, 0.055385
-0.708048, 0.0934217

-0.30236, -0.14695
1.02257, 0.0534829
-0.720213, 0.0934667

-0.292437, -0.144869
1.02441, 0.0515732
-0.731971, 0.0932963

-0.28281, -0.14259
1.02616, 0.0496559
-0.743346, 0.0929346

-0.273459, -0.140133
1.02781, 0.0477311
-0.754355, 0.0924019

-0.264367, -0.137515
1.02938, 0.0457988
-0.765018, 0.0917159

-0.255516, -0.134751
1.03087, 0.0438592
-0.77535, 0.0908917

-0.246892, -0.131855
1.03226, 0.0419121
-0.785365, 0.0899428

-0.238482, -0.128839
1.03356, 0.0399578
-0.795078, 0.0888808

-0.230272, -0.125712
1.03477, 0.0379963
-0.8045, 0.087716

-0.22225, -0.122485
1.03589, 0.0360277
-0.813643, 0.0864575

-0.214407, -0.119166
1.03692, 0.0340521
-0.822517, 0.0851136

-0.206732, -0.115761
1.03786, 0.0320697
-0.831132, 0.0836915

-0.199215, -0.112278
1.03871, 0.0300805
-0.839496, 0.0821978

-0.191848, -0.108723
1.03947, 0.0280848
-0.847618, 0.0806384

-0.184622, -0.105101
1.04013, 0.0260827
-0.855506, 0.0790187

-0.17753, -0.101418
1.0407, 0.0240743
-0.863167, 0.0773435

-0.170564, -0.0976772
1.04117, 0.0220599
-0.870608, 0.0756173

-0.163718, -0.0938837
1.04155, 0.0200396
-0.877835, 0.0738442

-0.156985, -0.0900414
1.04184, 0.0180136
-0.884854, 0.0720277

-0.150359, -0.0861537
1.04203, 0.0159822
-0.89167, 0.0701715

-0.143833, -0.0822241
1.04212, 0.0139456
-0.898289, 0.0682785

-0.137403, -0.0782558
1.04212, 0.011904
-0.904716, 0.0663518

-0.131063, -0.0742516
1.04202, 0.00985772
-0.910956, 0.0643939

-0.124807, -0.0702144
1.04182, 0.00780698
-0.917012, 0.0624074

-0.118632, -0.0661467
1.04152, 0.0057521
-0.922889, 0.0603946

-0.112532, -0.062051
1.04112, 0.00369335
-0.928592, 0.0583576

-0.106502, -0.0579296
1.04063, 0.00163106
-0.934123, 0.0562985

-0.100538, -0.0537846
1.04003, -0.00043445
-0.939487, 0.0542191

-0.0946369, -0.0496182
1.03932, -0.00250284
-0.944687, 0.0521211

-0.0887934, -0.0454324
1.03852, -0.00457376
-0.949726, 0.0500062

-0.0830037, -0.0412291
1.03761, -0.00664683
-0.954607, 0.0478759

-0.0772641, -0.03701
1.0366, -0.00872166
-0.959333, 0.0457317

-0.0715709, -0.032777
1.03548, -0.0107979
-0.963907, 0.0435749

-0.0659203, -0.0285318
1.03425, -0.012875
-0.968333, 0.0414067

-0.0603088, -0.0242759
1.03292, -0.0149526
-0.972611, 0.0392285

-0.054733, -0.020011
1.03148, -0.0170303
-0.976746, 0.0370413

-0.0491893, -0.0157387
1.02993, -0.0191075
-0.980739, 0.0348462

-0.0436745, -0.0114604
1.02827, -0.0211839
-0.984592, 0.0326443

-0.0381853, -0.00717761
1.02649, -0.0232587
-0.988308, 0.0304363

-0.0327184, -0.00289178
1.02461, -0.0253316
-0.991889, 0.0282234

-0.0272706, 0.00139567
1.02261, -0.0274019
-0.995337, 0.0260062

-0.0218388, 0.00568335
1.02049, -0.0294691
-0.998654, 0.0237858

-0.0164199, 0.00996987
1.01826, -0.0315326
-1.00184, 0.0215627

-0.0110108, 0.0142539
1.01591, -0.0335916
-1.0049, 0.0193378

-0.00560833, 0.018534
1.01344, -0.0356456
-1.00784, 0.0171117

-0.00020956, 0.0228088
1.01086, -0.0376939
-1.01065, 0.0148851

0.00518857, 0.0270771
1.00815, -0.0397358
-1.01333, 0.0126586

0.0105891, 0.0313375
1.00531, -0.0417704
-1.0159, 0.0104329

0.015995, 0.0355885
1.00235, -0.043797
-1.01835, 0.00820848

0.0214094, 0.0398289
0.99927, -0.0458148
-1.02068, 0.0059859

0.0268352, 0.0440572
0.996057, -0.0478229
-1.02289, 0.00376568

0.0322754, 0.0482721
0.992716, -0.0498204
-1.02499, 0.00154831

0.0377333, 0.0524722
0.989243, -0.0518064
-1.02698, -0.000665748

0.0432117, 0.0566559
0.985637, -0.0537799
-1.02885, -0.00287604

0.0487138, 0.060822
0.981896, -0.0557398
-1.03061, -0.00508215

0.0542427, 0.0649688
0.978018, -0.0576851
-1.03226, -0.00728366

0.0598017, 0.0690949
0.974001, -0.0596147
-1.0338, -0.0094802

0.0653939, 0.0731986
0.969843, -0.0615272
-1.03524, -0.0116714

0.0710225, 0.0772784
0.965543, -0.0634215
-1.03657, -0.0138569

0.0766909, 0.0813327
0.961096, -0.0652963
-1.03779, -0.0160364

0.0824025, 0.0853596
0.956502, -0.06715
-1.0389, -0.0182095

0.0881607, 0.0893574
0.951758, -0.0689814
-1.03992, -0.020376

0.0939689, 0.0933243
0.946861, -0.0707887
-1.04083, -0.0225356

0.0998309, 0.0972584
0.941809, -0.0725704
-1.04164, -0.024688

0.10575, 0.101158
0.936598, -0.0743246
-1.04235, -0.026833

0.111731, 0.10502
0.931226, -0.0760496
-1.04296, -0.0289702

0.117777, 0.108843
0.92569, -0.0777433
-1.04347, -0.0310995

0.123892, 0.112624
0.919986, -0.0794037
-1.04388, -0.0332207

0.13008, 0.116362
0.914112, -0.0810285
-1.04419, -0.0353336

0.136346, 0.120053
0.908063, -0.0826154
-1.04441, -0.0374379

0.142694, 0.123695
0.901836, -0.0841618
-1.04453, -0.0395336

0.149128, 0.127285
0.895426, -0.0856649
-1.04455, -0.0416203

0.155654, 0.13082
0.888831, -0.0871219
-1.04449, -0.043698

0.162277, 0.134296
0.882045, -0.0885295
-1.04432, -0.0457665

0.169001, 0.13771
0.875064, -0.0898845
-1.04407, -0.0478257

0.175833, 0.141059
0.867883, -0.0911831
-1.04372, -0.0498755

0.182778, 0.144337
0.860496, -0.0924215
-1.04327, -0.0519157

0.189842, 0.147541
0.852899, -0.0935952
-1.04274, -0.0539462

0.197032, 0.150667
0.845085, -0.0946997
-1.04212, -0.055967

0.204353, 0.153708
0.837049, -0.0957299
-1.0414, -0.0579779

0.211815, 0.156659
0.828783, -0.0966803
-1.0406, -0.0599789

0.219423, 0.159515
0.82028, -0.0975446
-1.0397, -0.0619699

0.227186, 0.162267
0.811533, -0.0983164
-1.03872, -0.0639509

0.235113, 0.16491
0.802534, -0.0989881
-1.03765, -0.0659217

0.243212, 0.167434
0.793274, -0.0995515
-1.03649, -0.0678825

0.251494, 0.169831
0.783743, -0.0999977
-1.03524, -0.069833

0.259969, 0.17209
0.773932, -0.100316
-1.0339, -0.0717734

0.268649, 0.1742
0.763829, -0.100496
-1.03248, -0.0737036

0.277545, 0.176148
0.753422, -0.100524
-1.03097, -0.0756236

0.286671, 0.177919
0.742699, -0.100386
-1.02937, -0.0775333

0.296042, 0.179498
0.731644, -0.100065
-1.02769, -0.0794329

0.305673, 0.180864
0.720244, -0.0995416
-1.02592, -0.0813223

0.315581, 0.181996
0.708479, -0.0987945
-1.02406, -0.0832016

0.325786, 0.182868
0.696333, -0.0977977
-1.02212, -0.0850707

0.336307, 0.183451
0.683784, -0.0965212
-1.02009, -0.0869298

0.347169, 0.183708
0.670809, -0.0949294
-1.01798, -0.0887788

0.358395, 0.183598
0.657384, -0.0929798
-1.01578, -0.0906179

0.370014, 0.183068
0.64348, -0.0906208
-1.01349, -0.0924471

0.382055, 0.182056
0.629068, -0.0877893
-1.01112, -0.0942664

0.394553, 0.180483
0.614114, -0.0844067
-1.00867, -0.0960759

0.407542, 0.17825
0.598583, -0.080374
-1.00613, -0.0978757

0.421058, 0.17523
0.582439, -0.0755637
-1.0035, -0.0996658

0.435136, 0.171255
0.565646, -0.0698085
-1.00078, -0.101446

0.449801, 0.166101
0.548179, -0.0628839
-0.997981, -0.103217

0.465057, 0.15946
0.530035, -0.0544811
-0.995092, -0.104979

0.480849, 0.150896
0.511267, -0.0441658
-0.992116, -0.106731

0.496978, 0.139887
0.492074, -0.031414
-0.989052, -0.108473

0.513002, 0.126729
0.472897, -0.0165234
-0.985899, -0.110206

0.528481, 0.111774
0.454175, 0.000154933
-0.982656, -0.111929

0.542989, 0.095417
0.436333, 0.0182247
-0.979323, -0.113642

0.556123, 0.0780895
0.419776, 0.0372549
-0.975898, -0.115344

0.56751, 0.0602463
0.404872, 0.0567899
-0.972382, -0.117036

0.576823, 0.0423551
0.39195, 0.0763617
-0.968773, -0.118717

0.583784, 0.0248847
0.381286, 0.0955008
-0.96507, -0.120386

0.58865, 0.00812643
0.372623, 0.113916
-0.961273, -0.122042

0.591923, -0.00787519
0.365458, 0.131561
-0.957381, -0.123685

0.593951, -0.0231386
0.359442, 0.148454
-0.953394, -0.125315

0.594982, -0.0377055
0.354329, 0.164637
-0.949311, -0.126931

0.595197, -0.0516237
0.349934, 0.180156
-0.945131, -0.128532

0.594731, -0.0649409
0.346123, 0.195059
-0.940855, -0.130118

0.593689, -0.0777014
0.342791, 0.20939
-0.936481, -0.131689

0.592152, -0.0899454
0.339857, 0.223188
-0.932009, -0.133243

0.590184, -0.101709
0.337255, 0.236489
-0.927439, -0.13478

0.587837, -0.113025
0.334934, 0.249325
-0.922771, -0.136301

0.585153, -0.123921
0.332851, 0.261724
-0.918004, -0.137803

0.582166, -0.134424
0.33097, 0.273711
-0.913137, -0.139288

0.578907, -0.144556
0.329263, 0.28531
-0.90817, -0.140754

0.575399, -0.154338
0.327703, 0.296539
-0.903102, -0.142201

0.571664, -0.163788
0.32627, 0.307417
-0.897934, -0.143629

0.567719, -0.172924
0.324946, 0.317961
-0.892665, -0.145037

0.563579, -0.181759
0.323714, 0.328185
-0.887293, -0.146426

0.559257, -0.190309
0.322562, 0.338102
-0.881819, -0.147793

0.554766, -0.198585
0.321476, 0.347726
-0.876242, -0.14914

0.550114, -0.206599
0.320447, 0.357065
-0.870561, -0.150466

0.545312, -0.214361
0.319464, 0.366132
-0.864776, -0.151771

0.540365, -0.22188
0.318521, 0.374934
-0.858886, -0.153054

0.535282, -0.229166
0.317608, 0.38348
-0.85289, -0.154314

0.530068, -0.236226
0.31672, 0.391778
-0.846788, -0.155553

0.524728, -0.243067
0.31585, 0.399836
-0.840578, -0.156768

0.519267, -0.249698
0.314993, 0.407658
-0.834261, -0.157961

0.51369, -0.256122
0.314144, 0.415253
-0.827834, -0.15913

0.507999, -0.262348
0.313299, 0.422624
-0.821298, -0.160276

0.502198, -0.26838
0.312453, 0.429778
-0.814651, -0.161398

0.49629, -0.274222
0.311602, 0.436718
-0.807892, -0.162496

0.490278, -0.27988
0.310743, 0.44345
-0.801021, -0.16357

0.484162, -0.285358
0.309873, 0.449978
-0.794035, -0.164619

0.477946, -0.29066
0.308988, 0.456304
-0.786935, -0.165644

0.471631, -0.29579
0.308086, 0.462434
-0.779718, -0.166643

0.465218, -0.300751
0.307165, 0.468369
-0.772383, -0.167618

0.458708, -0.305546
0.306221, 0.474112
-0.764929, -0.168567

0.452102, -0.310178
0.305253, 0.479668
-0.757355, -0.16949

0.445401, -0.31465
0.304258, 0.485037
-0.749659, -0.170387

0.438604, -0.318964
0.303234, 0.490223
-0.741839, -0.171259

0.431714, -0.323123
0.30218, 0.495227
-0.733893, -0.172104

0.424728, -0.327129
0.301093, 0.500052
-0.725821, -0.172923

0.417648, -0.330983
0.299971, 0.504699
-0.717619, -0.173715

0.410473, -0.334689
0.298814, 0.509169
-0.709287, -0.174481

0.403203, -0.338246
0.297619, 0.513466
-0.700821, -0.17522

0.395836, -0.341657
0.296384, 0.517588
-0.69222, -0.175932

0.388372, -0.344922
0.295109, 0.521539
-0.683482, -0.176617

0.380811, -0.348044
0.293792, 0.525319
-0.674602, -0.177275

0.37315, -0.351022
0.292431, 0.528928
-0.665581, -0.177906

0.365388, -0.353858
0.291025, 0.532368
-0.656413, -0.17851

0.357525, -0.356552
0.289572, 0.535639
-0.647097, -0.179087

0.349557, -0.359105
0.288072, 0.538742
-0.637628, -0.179637

0.341483, -0.361517
0.286522, 0.541677
-0.628005, -0.18016

0.3333, -0.363788
0.284922, 0.544445
-0.618222, -0.180657

0.325007, -0.365919
0.283271, 0.547045
-0.608277, -0.181126

0.316599, -0.367908
0.281566, 0.549478
-0.598165, -0.18157

0.308075, -0.369756
0.279807, 0.551743
-0.587882, -0.181987

0.29943, -0.371462
0.277993, 0.553841
-0.577423, -0.18238

0.290661, -0.373025
0.276122, 0.555771
-0.566783, -0.182747

0.281764, -0.374443
0.274193, 0.557533
-0.555956, -0.183089

0.272734, -0.375717
0.272204, 0.559125
-0.544938, -0.183408

0.263565, -0.376844
0.270155, 0.560548
-0.53372, -0.183705

0.254253, -0.377822
0.268044, 0.561801
-0.522297, -0.183979

0.244792, -0.378649
0.265869, 0.562882
-0.510661, -0.184234

0.235173, -0.379322
0.26363, 0.563791
-0.498804, -0.184469

0.225391, -0.379839
0.261325, 0.564527
-0.486716, -0.184688

0.215436, -0.380195
0.258953, 0.565087
-0.474389, -0.184892

0.205298, -0.380386
0.256512, 0.56547
-0.461811, -0.185084

0.194969, -0.380408
0.254001, 0.565676
-0.44897, -0.185267

0.184434, -0.380256
0.251419, 0.565701
-0.435853, -0.185446

0.173682, -0.379921
0.248763, 0.565545
-0.422445, -0.185624

0.162697, -0.379396
0.246033, 0.565204
-0.40873, -0.185807

0.151461, -0.378673
0.243227, 0.564676
-0.394689, -0.186003

0.139955, -0.37774
0.240344, 0.563959
-0.380299, -0.186219

0.128156, -0.376583
0.237381, 0.56305
-0.365537, -0.186467

0.116036, -0.375187
0.234338, 0.561945
-0.350374, -0.186758

0.103563, -0.373532
0.231213, 0.560642
-0.334776, -0.187111

0.0907005, -0.371593
0.228004, 0.559137
-0.318704, -0.187545

0.0774016, -0.369338
0.224709, 0.557426
-0.30211, -0.188088

0.0636103, -0.366728
0.221327, 0.555505
-0.284937, -0.188777

0.0492567, -0.363708
0.217857, 0.553369
-0.267113, -0.189661

0.0342519, -0.360205
0.214296, 0.551014
-0.248548, -0.190808

0.0184802, -0.356116
0.210644, 0.548434
-0.229124, -0.192318

0.00178648, -0.351287
0.206898, 0.545624
-0.208685, -0.194337

-0.0160438, -0.345475
0.203058, 0.542577
-0.187015, -0.197102

-0.0353194, -0.338268
0.199123, 0.539288
-0.163804, -0.20102

-0.0561696, -0.329228
0.195092, 0.53575
-0.138922, -0.206522

-0.0780199, -0.318536
0.190965, 0.531956
-0.112945, -0.213419

-0.100269, -0.306411
0.186741, 0.527899
-0.0864721, -0.221488

-0.122304, -0.293102
0.182422, 0.523573
-0.0601181, -0.230471

-0.143515, -0.278887
0.178008, 0.518972
-0.0344926, -0.240084

-0.163313, -0.264062
0.1735, 0.51409
-0.0101865, -0.250028

-0.181142, -0.248934
0.168899, 0.508924
0.0122433, -0.25999

-0.196493, -0.233813
0.164205, 0.503468
0.0322883, -0.269654

-0.209937, -0.218848
0.159419, 0.497718
0.0505183, -0.27887

-0.221946, -0.204061
0.154539, 0.491671
0.0674068, -0.28761

-0.23282, -0.189439
0.149566, 0.485321
0.0832542, -0.295883

-0.24276, -0.174959
0.144497, 0.478665
0.0982634, -0.303707

-0.251908, -0.160595
0.13933, 0.471697
0.112578, -0.311102

-0.260366, -0.146324
0.134062, 0.464413
0.126304, -0.318089

-0.268211, -0.13212
0.12869, 0.456806
0.139521, -0.324686

-0.2755, -0.117962
0.123209, 0.448871
0.152291, -0.330909

-0.282277, -0.103829
0.117615, 0.440602
0.164663, -0.336773

-0.288576, -0.089701
0.111901, 0.431991
0.176675, -0.34229

-0.29442, -0.07556
0.10606, 0.423033
0.188361, -0.347473

-0.299828, -0.0613881
0.100083, 0.413717
0.199745, -0.352329

-0.30481, -0.0471685
0.0939613, 0.404038
0.210848, -0.356869

-0.309372, -0.0328845
0.0876825, 0.393985
0.22169, -0.3611

-0.313516, -0.01852
0.081233, 0.383549
0.232283, -0.365029

-0.317237, -0.00405896
0.0745967, 0.37272
0.24264, -0.368661

-0.320526, 0.0105144
0.0677547, 0.361488
0.252771, -0.372002

-0.32337, 0.0252157
0.0606847, 0.349841
0.262685, -0.375057

-0.325747, 0.0400603
0.0533601, 0.337769
0.272387, -0.37783

-0.327632, 0.0550631
0.0457493, 0.325261
0.281883, -0.380324

-0.328991, 0.0702384
0.0378143, 0.312306
0.291176, -0.382544

-0.32978, 0.0855988
0.0295099, 0.298893
0.30027, -0.384492

-0.329947, 0.101155
0.0207812, 0.285016
0.309166, -0.386171

-0.329427, 0.116913
0.0115616, 0.270671
0.317865, -0.387584

-0.328137, 0.132874
0.00177046, 0.25586
0.326367, -0.388734

-0.325981, 0.149027
-0.00869017, 0.240596
0.334671, -0.389623

-0.322836, 0.165348
-0.0199389, 0.224907
0.342775, -0.390255

-0.31856, 0.181786
-0.0321177, 0.208846
0.350678, -0.390632

-0.312983, 0.198254
-0.0453928, 0.192506
0.358376, -0.39076

-0.305916, 0.214609
-0.0599503, 0.176032
0.365867, -0.390641

-0.297165, 0.230633
-0.075982, 0.159648
0.373147, -0.390281

-0.286561, 0.246008
-0.0936529, 0.143678
0.380214, -0.389686

-0.27402, 0.26032
-0.113046, 0.128543
0.387065, -0.388863

-0.259607, 0.273086
-0.134092, 0.114733
0.393699, -0.38782

-0.243591, 0.283851
-0.156524, 0.102713
0.400116, -0.386564

-0.226423, 0.292301
-0.179892, 0.0928041
0.406315, -0.385105

-0.208634, 0.298345
-0.203665, 0.0851053
0.412299, -0.38345

-0.190715, 0.302104
-0.227357, 0.0795028
0.418071, -0.381607

-0.173035, 0.303836
-0.2506, 0.0757467
0.423635, -0.379583

-0.155831, 0.303845
-0.273163, 0.0735372
0.428994, -0.377382

-0.139225, 0.302426
-0.294926, 0.0725839
0.43415, -0.37501

-0.123264, 0.299836
-0.315845, 0.0726332
0.439109, -0.372469

-0.107949, 0.296286
-0.335922, 0.0734765
0.443872, -0.369763

-0.0932527, 0.291946
-0.355188, 0.0749461
0.448441, -0.366892

-0.0791345, 0.286948
-0.373684, 0.0769098
0.452819, -0.363858

-0.0655488, 0.281396
-0.391458, 0.0792635
0.457007, -0.36066

-0.0524489, 0.275374
-0.408556, 0.0819252
0.461005, -0.357299

-0.039789, 0.268943
-0.425026, 0.0848301
0.464815, -0.353773

-0.0275261, 0.262155
-0.440909, 0.0879265
0.468435, -0.350082

-0.0156197, 0.255049
-0.456246, 0.0911734
0.471866, -0.346222

-0.00403225, 0.247656
-0.471073, 0.0945375
0.475105, -0.342193

0.00727101, 0.239999
-0.485423, 0.0979919
0.478152, -0.337991

0.0183224, 0.232097
-0.499326, 0.101515
0.481003, -0.333612

0.0291522, 0.223965
-0.512809, 0.105088
0.483657, -0.329053

0.0397886, 0.215612
-0.525898, 0.108698
0.486109, -0.32431

0.0502583, 0.207046
-0.538614, 0.11233
0.488356, -0.319377

0.0605869, 0.198272
-0.550978, 0.115977
0.490391, -0.314249

0.0707988, 0.189291
-0.56301, 0.119628
0.492211, -0.308919

0.0809179, 0.180104
-0.574725, 0.123277
0.493807, -0.303381

0.0909677, 0.170709
-0.58614, 0.126918
0.495172, -0.297627

0.100971, 0.161103
-0.597269, 0.130546
0.496298, -0.291649

0.110953, 0.151278
-0.608126, 0.134157
0.497174, -0.285435

0.120936, 0.141229
-0.618723, 0.137747
0.497788, -0.278976

0.130945, 0.130946
-0.629072, 0.141313
0.498126, -0.272258

0.141008, 0.120416
-0.639182, 0.144853
0.498173, -0.265268

0.151153, 0.109625
-0.649063, 0.148364
0.49791, -0.257989

0.161411, 0.0985577
-0.658725, 0.151845
0.497314, -0.250403

0.171817, 0.0871925
-0.668177, 0.155295
0.49636, -0.242488

0.18241, 0.0755057
-0.677426, 0.158713
0.495015, -0.234218

0.193237, 0.0634684
-0.686479, 0.162096
0.493242, -0.225565

0.204352, 0.0510456
-0.695344, 0.165445
0.490992, -0.216491

0.215822, 0.0381942
-0.704027, 0.168759
0.488205, -0.206953

0.22773, 0.024861
-0.712534, 0.172038
0.484804, -0.196898

0.240187, 0.0109781
-0.720871, 0.17528
0.480685, -0.186258

0.253339, -0.00354249
-0.729044, 0.178487
0.475705, -0.174944

0.267397, -0.0188193
-0.737057, 0.181657
0.469661, -0.162838

0.282683, -0.0350183
-0.744916, 0.184792
0.462233, -0.149773

0.299736, -0.0523844
-0.752625, 0.18789
0.452889, -0.135506

0.31862, -0.0707704
-0.760188, 0.190953
0.441568, -0.120182

0.338962, -0.0897548
-0.76761, 0.19398
0.428648, -0.104225

0.360351, -0.108901
-0.774893, 0.196972
0.414543, -0.0880712

0.382347, -0.127768
-0.782042, 0.19993
0.399695, -0.072162

0.404495, -0.145922
-0.789059, 0.202854
0.384564, -0.0569326

0.426331, -0.162945
-0.795946, 0.205746
0.369615, -0.0428007

0.447399, -0.178448
-0.802705, 0.208604
0.355306, -0.0301558

0.467261, -0.192081
-0.809338, 0.211431
0.342078, -0.0193502

0.48578, -0.203917
-0.815847, 0.214227
0.330068, -0.0103097

0.503232, -0.214475
-0.822234, 0.216993
0.319002, -0.00251736

0.519804, -0.22406
-0.828498, 0.219728
0.308694, 0.00433195

0.535627, -0.23287
-0.834643, 0.222434
0.299015, 0.010436

0.550799, -0.241043
-0.840667, 0.225111
0.289868, 0.0159314

0.565396, -0.248677
-0.846574, 0.22776
0.281177, 0.0209175

0.579478, -0.255849
-0.852362, 0.230381
0.272884, 0.0254688

0.593092, -0.262617
-0.858035, 0.232973
0.264942, 0.0296433

0.60628, -0.269026
-0.863591, 0.235539
0.257311, 0.0334871

0.619074, -0.275114
-0.869032, 0.238077
0.249958, 0.0370375

0.631503, -0.280913
-0.874359, 0.240588
0.242856, 0.0403252

0.643592, -0.286449
-0.879573, 0.243073
0.235981, 0.043376

0.655362, -0.291743
-0.884673, 0.245532
0.229311, 0.0462117

0.666832, -0.296815
-0.889662, 0.247964
0.22283, 0.0488511

0.678017, -0.301681
-0.894538, 0.25037
0.216521, 0.0513102

0.688933, -0.306354
-0.899303, 0.252751
0.21037, 0.0536032

0.699593, -0.310848
-0.903958, 0.255106
0.204364, 0.0557425

0.710009, -0.315174
-0.908502, 0.257435
0.198493, 0.057739

0.720191, -0.319342
-0.912936, 0.25974
0.192745, 0.0596026

0.730149, -0.32336
-0.917261, 0.262019
0.187112, 0.0613419

0.739892, -0.327237
-0.921478, 0.264272
0.181585, 0.0629649

0.749429, -0.33098
-0.925585, 0.266501
0.176157, 0.0644786

0.758765, -0.334595
-0.929585, 0.268705
0.170819, 0.0658897

0.767909, -0.338088
-0.933476, 0.270884
0.165567, 0.0672041

0.776867, -0.341465
-0.93726, 0.273038
0.160393, 0.0684271

0.785645, -0.34473
-0.940937, 0.275167
0.155293, 0.0695637

0.794247, -0.347889
-0.944507, 0.277271
0.15026, 0.0706187

0.80268, -0.350946
-0.94797, 0.27935
0.14529, 0.0715962

0.810948, -0.353905
-0.951327, 0.281405
0.140379, 0.0725003

0.819056, -0.356769
-0.954577, 0.283434
0.135522, 0.0733346

0.827007, -0.359541
-0.957722, 0.285439
0.130715, 0.0741026

0.834806, -0.362226
-0.96076, 0.287419
0.125954, 0.0748075

0.842457, -0.364826
-0.963692, 0.289373
0.121236, 0.0754524

0.849962, -0.367343
-0.966519, 0.291303
0.116557, 0.0760402

0.857326, -0.369781
-0.96924, 0.293208
0.111914, 0.0765735

0.864551, -0.372142
-0.971856, 0.295087
0.107304, 0.0770549

0.871641, -0.374428
-0.974366, 0.296941
0.102725, 0.0774868

0.878598, -0.376641
-0.97677, 0.29877
0.0981724, 0.0778716

0.885425, -0.378784
-0.97907, 0.300573
0.0936446, 0.0782114

0.892124, -0.380859
-0.981263, 0.302351
0.0891389, 0.0785082

0.898699, -0.382867
-0.983352, 0.304102
0.0846528, 0.0787642

0.905151, -0.38481
-0.985334, 0.305828
0.0801839, 0.0789812

0.911482, -0.386689
-0.987212, 0.307528
0.0757299, 0.079161

0.917694, -0.388508
-0.988983, 0.309202
0.0712885, 0.0793054

0.923791, -0.390266
-0.990649, 0.31085
0.0668578, 0.079416

0.929773, -0.391965
-0.992208, 0.312471
0.0624355, 0.0794946

0.935642, -0.393608
-0.993662, 0.314065
0.0580196, 0.0795427

0.941401, -0.395194
-0.995009, 0.315632
0.0536082, 0.0795618

0.94705, -0.396726
-0.99625, 0.317173
0.0491994, 0.0795533

0.952593, -0.398204
-0.997384, 0.318686
0.0447913, 0.0795188

0.958029, -0.399631
-0.998411, 0.320171
0.040382, 0.0794596

0.963361, -0.401006
-0.999331, 0.321629
0.0359698, 0.0793771

0.96859, -0.402331
-1.00014, 0.323058
0.0315528, 0.0792725

0.973718, -0.403606
-1.00085, 0.324459
0.0271294, 0.0791472

0.978745, -0.404834
-1.00144, 0.325832
0.0226978, 0.0790025

0.983674, -0.406015
-1.00193, 0.327176
0.0182563, 0.0788395

0.988506, -0.40715
-1.00231, 0.32849
0.0138032, 0.0786596

0.993241, -0.408239
-1.00258, 0.329775
0.00933691, 0.0784638

0.997881, -0.409284
-1.00274, 0.33103
0.00485572, 0.0782534

1.00243, -0.410285
-1.00278, 0.332255
0.000358006, 0.0780296

1.00688, -0.411243
-1.00272, 0.33345
-0.00415788, 0.0777934

1.01124, -0.41216
-1.00255, 0.334614
-0.00869358, 0.0775461

1.01551, -0.413035
-1.00226, 0.335746
-0.0132507, 0.0772887

1.01969, -0.413869
-1.00186, 0.336846
-0.017831, 0.0770224

1.02378, -0.414663
-1.00135, 0.337915
-0.0224359, 0.0767483

1.02779, -0.415418
-1.00072, 0.338951
-0.0270672, 0.0764674

1.03171, -0.416135
-0.99998, 0.339954
-0.0317266, 0.076181

1.03554, -0.416813
-0.999122, 0.340923
-0.0364157, 0.07589

1.03928, -0.417454
-0.998147, 0.341858
-0.0411363, 0.0755957

1.04295, -0.418058
-0.997056, 0.342759
-0.0458899, 0.0752991

1.04652, -0.418626
-0.995845, 0.343625
-0.0506784, 0.0750014

1.05002, -0.419158
-0.994516, 0.344455
-0.0555036, 0.0747036

1.05343, -0.419655
-0.993066, 0.345248
-0.0603672, 0.0744069

1.05677, -0.420118
-0.991495, 0.346005
-0.065271, 0.0741125

1.06002, -0.420546
-0.989801, 0.346724
-0.0702169, 0.0738215

1.06319, -0.42094
-0.987983, 0.347405
-0.0752067, 0.0735351

1.06628, -0.421302
-0.986041, 0.348047
-0.0802425, 0.0732545

1.0693, -0.421631
-0.983972, 0.34865
-0.0853263, 0.0729808

1.07223, -0.421927
-0.981775, 0.349212
-0.0904599, 0.0727154

1.07509, -0.422192
-0.979449, 0.349732
-0.0956456, 0.0724595

1.07788, -0.422425
-0.976993, 0.35021
-0.100885, 0.0722144

1.08059, -0.422627
-0.974404, 0.350646
-0.106182, 0.0719814

1.08322, -0.422799
-0.971682, 0.351037
-0.111537, 0.0717619

1.08578, -0.42294
-0.968824, 0.351383
-0.116953, 0.0715573

1.08826, -0.423052
-0.965828, 0.351683
-0.122432, 0.071369

