0.0104949, 0.00450634
0.99469, -0.00225317
-1.00518, -0.00225317

0.0209961, 0.00901132
0.989252, -0.00450563
-1.01025, -0.00450569

0.0315099, 0.0135136
0.983682, -0.0067566
-1.01519, -0.00675699

0.0420427, 0.0180117
0.977977, -0.00900523
-1.02002, -0.00900651

0.052601, 0.0225043
0.972133, -0.0112506
-1.02473, -0.0112538

0.0631913, 0.0269899
0.966146, -0.0134916
-1.02934, -0.0134984

0.0738202, 0.0314669
0.960011, -0.0157271
-1.03383, -0.0157398

0.0844947, 0.0359337
0.953724, -0.0179558
-1.03822, -0.0179778

0.0952216, 0.0403885
0.947281, -0.0201765
-1.0425, -0.0202121

0.106008, 0.0448295
0.940676, -0.0223873
-1.04668, -0.0224422

0.116862, 0.0492547
0.933903, -0.0245868
-1.05077, -0.0246679

0.127792, 0.0536619
0.926957, -0.0267729
-1.05475, -0.0268891

0.138804, 0.0580488
0.919831, -0.0289434
-1.05863, -0.0291054

0.149908, 0.0624127
0.912518, -0.031096
-1.06243, -0.0313166

0.161113, 0.0667507
0.905012, -0.0332281
-1.06612, -0.0335226

0.172428, 0.0710597
0.897304, -0.0353364
-1.06973, -0.0357233

0.183863, 0.0753362
0.889386, -0.0374178
-1.07325, -0.0379185

0.195429, 0.0795761
0.881249, -0.0394682
-1.07668, -0.040108

0.207137, 0.083775
0.872882, -0.0414833
-1.08002, -0.0422917

0.219, 0.0879278
0.864275, -0.0434581
-1.08328, -0.0444697

0.231032, 0.0920287
0.855416, -0.045387
-1.08645, -0.0466417

0.243245, 0.096071
0.846291, -0.0472633
-1.08954, -0.0488077

0.255656, 0.100047
0.836886, -0.0490794
-1.09254, -0.0509677

0.268282, 0.103948
0.827185, -0.0508265
-1.09547, -0.0531216

0.281142, 0.107764
0.817171, -0.0524943
-1.09831, -0.0552694

0.294257, 0.111482
0.806823, -0.0540706
-1.10108, -0.0574111

0.307649, 0.115088
0.79612, -0.0555411
-1.10377, -0.0595467

0.321345, 0.118565
0.785036, -0.0568884
-1.10638, -0.0616761

0.335374, 0.121891
0.773544, -0.0580918
-1.10892, -0.0637994

0.349768, 0.125043
0.761612, -0.059126
-1.11138, -0.0659166

0.364565, 0.127987
0.749202, -0.0599597
-1.11377, -0.0680278

0.379807, 0.130687
0.736274, -0.060554
-1.11608, -0.0701329

0.395545, 0.133091
0.722778, -0.0608595
-1.11832, -0.072232

0.411835, 0.135138
0.708658, -0.0608128
-1.12049, -0.0743251

0.428742, 0.136743
0.693848, -0.0603309
-1.12259, -0.0764124

0.446345, 0.137796
0.678272, -0.0593025
-1.12462, -0.0784939

0.464732, 0.138145
0.661844, -0.0575753
-1.12658, -0.0805696

0.483999, 0.137575
0.644464, -0.0549354
-1.12846, -0.0826397

0.504248, 0.135777
0.626033, -0.051073
-1.13028, -0.0847041

0.525559, 0.13229
0.606472, -0.0455271
-1.13203, -0.086763

0.547845, 0.126576
0.585866, -0.0377593
-1.13371, -0.0888164

0.570573, 0.118803
0.564752, -0.0279383
-1.13532, -0.0908644

0.593194, 0.109191
0.543675, -0.0162843
-1.13687, -0.092907

0.615163, 0.0980077
0.523183, -0.00306348
-1.13835, -0.0949442

0.635951, 0.0855571
0.503804, 0.0114188
-1.13975, -0.0969759

0.655055, 0.0721766
0.48604, 0.0268253
-1.1411, -0.0990019

0.672016, 0.0582263
0.470351, 0.0427958
-1.14237, -0.101022

0.68651, 0.0440868
0.457062, 0.0589495
-1.14357, -0.103036

0.699087, 0.0300673
0.445622, 0.0749769
-1.14471, -0.105044

0.710148, 0.0163089
0.435629, 0.0907367
-1.14578, -0.107046

0.719988, 0.002872
0.426791, 0.106168
-1.14678, -0.10904

0.728823, -0.0102227
0.418888, 0.12125
-1.14771, -0.111028

0.736817, -0.0229744
0.411759, 0.135982
-1.14858, -0.113008

0.744097, -0.0353919
0.405276, 0.150372
-1.14937, -0.11498

0.750763, -0.0474886
0.399341, 0.164433
-1.1501, -0.116945

0.756892, -0.0592797
0.393875, 0.178181
-1.15077, -0.118901

0.762549, -0.0707807
0.388814, 0.19163
-1.15136, -0.120849

0.767786, -0.0820068
0.384105, 0.204795
-1.15189, -0.122788

0.772647, -0.0929727
0.379706, 0.217691
-1.15235, -0.124718

0.777168, -0.103692
0.37558, 0.230331
-1.15275, -0.126639

0.781381, -0.114177
0.371697, 0.242727
-1.15308, -0.12855

0.785312, -0.12444
0.368029, 0.254891
-1.15334, -0.130452

0.788983, -0.134491
0.364554, 0.266834
-1.15354, -0.132343

0.792415, -0.144341
0.361253, 0.278565
-1.15367, -0.134224

0.795625, -0.153999
0.358109, 0.290093
-1.15373, -0.136095

0.798628, -0.163473
0.355107, 0.301427
-1.15373, -0.137954

0.801437, -0.172771
0.352232, 0.312575
-1.15367, -0.139803

0.804065, -0.181902
0.349475, 0.323543
-1.15354, -0.141641

0.806522, -0.190871
0.346823, 0.334338
-1.15335, -0.143467

0.808818, -0.199685
0.344268, 0.344966
-1.15309, -0.145281

0.810962, -0.208349
0.341802, 0.355434
-1.15276, -0.147084

0.812961, -0.21687
0.339416, 0.365745
-1.15238, -0.148875

0.814821, -0.225253
0.337104, 0.375906
-1.15193, -0.150654

0.816551, -0.233502
0.33486, 0.385921
-1.15141, -0.15242

0.818155, -0.241621
0.332678, 0.395794
-1.15083, -0.154173

0.819639, -0.249615
0.330553, 0.405529
-1.15019, -0.155914

0.821008, -0.257489
0.32848, 0.415131
-1.14949, -0.157642

0.822266, -0.265244
0.326455, 0.424601
-1.14872, -0.159357

0.823418, -0.272886
0.324474, 0.433945
-1.14789, -0.161059

0.824467, -0.280418
0.322533, 0.443165
-1.147, -0.162747

0.825417, -0.287842
0.32063, 0.452263
-1.14605, -0.164421

0.826271, -0.295161
0.318759, 0.461243
-1.14503, -0.166082

0.827033, -0.302379
0.31692, 0.470108
-1.14395, -0.167729

0.827704, -0.309497
0.315109, 0.47886
-1.14281, -0.169363

0.828289, -0.316519
0.313324, 0.4875
-1.14161, -0.170981

0.828788, -0.323446
0.311563, 0.496033
-1.14035, -0.172586

0.829205, -0.330282
0.309822, 0.504458
-1.13903, -0.174176

0.829542, -0.337028
0.308101, 0.51278
-1.13764, -0.175752

0.829801, -0.343686
0.306397, 0.520999
-1.1362, -0.177313

0.829984, -0.350258
0.304709, 0.529117
-1.13469, -0.178859

0.830092, -0.356746
0.303035, 0.537136
-1.13313, -0.180391

0.830127, -0.363151
0.301373, 0.545058
-1.1315, -0.181907

0.830091, -0.369476
0.299723, 0.552884
-1.12981, -0.183408

0.829986, -0.375722
0.298082, 0.560616
-1.12807, -0.184894

0.829812, -0.381891
0.296449, 0.568255
-1.12626, -0.186364

0.829571, -0.387983
0.294824, 0.575802
-1.12439, -0.187819

0.829264, -0.394001
0.293204, 0.58326
-1.12247, -0.189259

0.828893, -0.399945
0.29159, 0.590628
-1.12048, -0.190682

0.828458, -0.405818
0.289979, 0.597908
-1.11844, -0.19209

0.827961, -0.41162
0.288372, 0.605102
-1.11633, -0.193482

0.827403, -0.417352
0.286766, 0.61221
-1.11417, -0.194858

0.826784, -0.423016
0.285162, 0.619234
-1.11195, -0.196218

0.826106, -0.428612
0.283559, 0.626174
-1.10966, -0.197562

0.825369, -0.434142
0.281954, 0.633031
-1.10732, -0.198889

0.824574, -0.439607
0.280349, 0.639807
-1.10492, -0.2002

0.823723, -0.445007
0.278742, 0.646502
-1.10246, -0.201494

0.822814, -0.450344
0.277133, 0.653116
-1.09995, -0.202772

0.821851, -0.455619
0.27552, 0.659652
-1.09737, -0.204033

0.820832, -0.460831
0.273904, 0.666109
-1.09474, -0.205277

0.819759, -0.465983
0.272284, 0.672488
-1.09204, -0.206505

0.818632, -0.471075
0.270659, 0.678791
-1.08929, -0.207715

0.817452, -0.476107
0.269029, 0.685016
-1.08648, -0.208909

0.816219, -0.481081
0.267392, 0.691167
-1.08361, -0.210085

0.814934, -0.485997
0.26575, 0.697242
-1.08068, -0.211245

0.813598, -0.490856
0.264101, 0.703242
-1.0777, -0.212386

0.81221, -0.495658
0.262445, 0.709169
-1.07465, -0.213511

0.810771, -0.500404
0.260781, 0.715022
-1.07155, -0.214618

0.809282, -0.505095
0.25911, 0.720803
-1.06839, -0.215707

0.807743, -0.509731
0.25743, 0.726511
-1.06517, -0.216779

0.806154, -0.514313
0.255741, 0.732147
-1.0619, -0.217834

0.804515, -0.518842
0.254044, 0.737712
-1.05856, -0.21887

0.802828, -0.523317
0.252337, 0.743205
-1.05517, -0.219888

0.801092, -0.527739
0.250621, 0.748628
-1.05171, -0.220889

0.799307, -0.53211
0.248894, 0.753981
-1.0482, -0.221872

0.797474, -0.536428
0.247158, 0.759265
-1.04463, -0.222836

0.795594, -0.540696
0.245411, 0.764478
-1.041, -0.223782

0.793665, -0.544912
0.243653, 0.769623
-1.03732, -0.22471

0.791689, -0.549079
0.241884, 0.774699
-1.03357, -0.22562

0.789666, -0.553195
0.240104, 0.779706
-1.02977, -0.226512

0.787595, -0.557261
0.238312, 0.784646
-1.02591, -0.227384

0.785478, -0.561278
0.236509, 0.789517
-1.02199, -0.228239

0.783314, -0.565247
0.234693, 0.794321
-1.01801, -0.229074

0.781103, -0.569166
0.232866, 0.799058
-1.01397, -0.229891

0.778845, -0.573038
0.231026, 0.803727
-1.00987, -0.230689

0.776541, -0.576861
0.229173, 0.80833
-1.00571, -0.231468

0.774191, -0.580637
0.227308, 0.812866
-1.0015, -0.232229

0.771794, -0.584365
0.22543, 0.817335
-0.997224, -0.23297

0.769352, -0.588046
0.223538, 0.821739
-0.99289, -0.233692

0.766863, -0.591681
0.221633, 0.826076
-0.988496, -0.234395

0.764328, -0.595268
0.219715, 0.830347
-0.984043, -0.235079

0.761746, -0.598809
0.217783, 0.834553
-0.97953, -0.235744

0.759119, -0.602304
0.215837, 0.838693
-0.974957, -0.236389

0.756446, -0.605753
0.213878, 0.842767
-0.970324, -0.237014

0.753727, -0.609156
0.211904, 0.846776
-0.965631, -0.23762

0.750962, -0.612513
0.209916, 0.85072
-0.960877, -0.238207

0.74815, -0.615825
0.207913, 0.854599
-0.956064, -0.238774

0.745293, -0.619092
0.205896, 0.858412
-0.951189, -0.239321

0.74239, -0.622313
0.203864, 0.862161
-0.946254, -0.239848

0.73944, -0.625489
0.201818, 0.865844
-0.941258, -0.240355

0.736444, -0.62862
0.199757, 0.869463
-0.9362, -0.240842

0.733401, -0.631707
0.19768, 0.873017
-0.931082, -0.24131

0.730313, -0.634749
0.195589, 0.876506
-0.925901, -0.241757

0.727177, -0.637746
0.193482, 0.87993
-0.920659, -0.242184

0.723995, -0.640698
0.19136, 0.883289
-0.915355, -0.242591

0.720766, -0.643606
0.189222, 0.886583
-0.909988, -0.242977

0.71749, -0.64647
0.187069, 0.889813
-0.904559, -0.243343

0.714167, -0.649289
0.1849, 0.892978
-0.899068, -0.243689

0.710797, -0.652064
0.182716, 0.896077
-0.893513, -0.244014

0.70738, -0.654794
0.180515, 0.899112
-0.887895, -0.244318

0.703914, -0.65748
0.178299, 0.902082
-0.882213, -0.244602

0.700401, -0.660122
0.176066, 0.904987
-0.876468, -0.244865

0.69684, -0.662719
0.173818, 0.907826
-0.870658, -0.245107

0.693231, -0.665272
0.171553, 0.910601
-0.864784, -0.245329

0.689573, -0.66778
0.169272, 0.91331
-0.858845, -0.24553

0.685867, -0.670244
0.166974, 0.915953
-0.852841, -0.245709

0.682111, -0.672663
0.164661, 0.918531
-0.846772, -0.245868

0.678306, -0.675038
0.16233, 0.921043
-0.840636, -0.246005

0.674452, -0.677368
0.159983, 0.92349
-0.834435, -0.246122

0.670547, -0.679653
0.157619, 0.92587
-0.828167, -0.246217

0.666593, -0.681893
0.155239, 0.928184
-0.821832, -0.246291

0.662588, -0.684088
0.152842, 0.930432
-0.81543, -0.246344

0.658532, -0.686238
0.150428, 0.932614
-0.80896, -0.246375

0.654425, -0.688343
0.147997, 0.934728
-0.802422, -0.246386

0.650267, -0.690402
0.145549, 0.936776
-0.795816, -0.246374

0.646056, -0.692415
0.143084, 0.938757
-0.78914, -0.246342

0.641793, -0.694382
0.140602, 0.94067
-0.782395, -0.246288

0.637477, -0.696303
0.138103, 0.942516
-0.77558, -0.246212

0.633108, -0.698178
0.135586, 0.944293
-0.768695, -0.246115

0.628686, -0.700006
0.133053, 0.946003
-0.761738, -0.245997

0.624209, -0.701787
0.130502, 0.947644
-0.75471, -0.245857

0.619677, -0.703521
0.127934, 0.949217
-0.747611, -0.245695

0.61509, -0.705208
0.125348, 0.95072
-0.740438, -0.245512

0.610448, -0.706847
0.122745, 0.952155
-0.733193, -0.245308

0.605749, -0.708437
0.120125, 0.953519
-0.725874, -0.245082

0.600993, -0.709979
0.117487, 0.954814
-0.71848, -0.244835

0.59618, -0.711472
0.114832, 0.956038
-0.711012, -0.244566

0.591308, -0.712916
0.112159, 0.957192
-0.703468, -0.244276

0.586378, -0.714309
0.109469, 0.958274
-0.695848, -0.243965

0.581389, -0.715653
0.106762, 0.959285
-0.688151, -0.243632

0.57634, -0.716946
0.104036, 0.960225
-0.680376, -0.243279

0.571229, -0.718187
0.101294, 0.961091
-0.672523, -0.242904

0.566057, -0.719377
0.0985334, 0.961886
-0.664591, -0.242508

0.560823, -0.720515
0.0957556, 0.962607
-0.656579, -0.242092

0.555526, -0.721599
0.0929603, 0.963254
-0.648486, -0.241655

0.550165, -0.72263
0.0901474, 0.963827
-0.640312, -0.241197

0.544739, -0.723606
0.0873171, 0.964326
-0.632056, -0.240719

0.539247, -0.724528
0.0844693, 0.964749
-0.623716, -0.240221

0.533688, -0.725393
0.081604, 0.965097
-0.615292, -0.239703

0.528062, -0.726202
0.0787214, 0.965368
-0.606784, -0.239166

0.522367, -0.726954
0.0758214, 0.965563
-0.598189, -0.238609

0.516603, -0.727648
0.072904, 0.96568
-0.589507, -0.238033

0.510768, -0.728282
0.0699694, 0.965719
-0.580737, -0.237438

0.504861, -0.728856
0.0670176, 0.96568
-0.571878, -0.236824

0.49888, -0.729368
0.0640486, 0.965562
-0.562929, -0.236193

0.492826, -0.729819
0.0610626, 0.965363
-0.553889, -0.235544

0.486696, -0.730205
0.0580596, 0.965084
-0.544756, -0.234879

0.480489, -0.730527
0.0550398, 0.964724
-0.535529, -0.234196

0.474204, -0.730783
0.0520031, 0.964282
-0.526207, -0.233498

0.467839, -0.730972
0.0489498, 0.963757
-0.516789, -0.232785

0.461393, -0.731091
0.04588, 0.963148
-0.507273, -0.232057

0.454865, -0.73114
0.0427938, 0.962456
-0.497659, -0.231315

0.448252, -0.731117
0.0396914, 0.961678
-0.487943, -0.230561

0.441553, -0.73102
0.0365729, 0.960815
-0.478126, -0.229794

0.434766, -0.730848
0.0334385, 0.959864
-0.468205, -0.229017

0.42789, -0.730597
0.0302884, 0.958827
-0.458178, -0.22823

0.420922, -0.730267
0.0271228, 0.957701
-0.448045, -0.227434

0.413861, -0.729854
0.0239419, 0.956485
-0.437803, -0.226631

0.406705, -0.729358
0.020746, 0.955179
-0.427451, -0.225822

0.39945, -0.728774
0.0175354, 0.953782
-0.416986, -0.225009

0.392096, -0.7281
0.0143103, 0.952293
-0.406407, -0.224193

0.38464, -0.727333
0.011071, 0.95071
-0.395711, -0.223377

0.377079, -0.726471
0.00781783, 0.949034
-0.384897, -0.222563

0.36941, -0.725509
0.00455119, 0.947262
-0.373962, -0.221753

0.361632, -0.724444
0.00127141, 0.945394
-0.362904, -0.220949

0.353741, -0.723273
-0.0020211, 0.943428
-0.35172, -0.220155

0.345734, -0.72199
-0.00532592, 0.941364
-0.340409, -0.219373

0.337609, -0.720592
-0.00864259, 0.9392
-0.328967, -0.218607

0.329362, -0.719074
-0.0119706, 0.936935
-0.317391, -0.217861

0.32099, -0.71743
-0.0153096, 0.934568
-0.30568, -0.217138

0.312489, -0.715654
-0.0186588, 0.932098
-0.29383, -0.216444

0.303856, -0.713741
-0.0220177, 0.929523
-0.281838, -0.215783

0.295087, -0.711682
-0.0253858, 0.926843
-0.269701, -0.215161

0.286179, -0.709473
-0.0287623, 0.924056
-0.257417, -0.214584

0.277127, -0.707103
-0.0321466, 0.921161
-0.24498, -0.214059

0.267927, -0.704564
-0.0355378, 0.918157
-0.232389, -0.213593

0.258575, -0.701846
-0.0389354, 0.915041
-0.219639, -0.213195

0.249067, -0.698939
-0.0423383, 0.911814
-0.206728, -0.212875

0.239398, -0.695831
-0.0457458, 0.908473
-0.193652, -0.212642

0.229564, -0.69251
-0.049157, 0.905018
-0.180407, -0.212508

0.21956, -0.68896
-0.0525708, 0.901447
-0.166989, -0.212487

0.209383, -0.685165
-0.0559862, 0.897758
-0.153396, -0.212593

0.199027, -0.681109
-0.0594023, 0.893951
-0.139625, -0.212842

0.18849, -0.676772
-0.062818, 0.890025
-0.125672, -0.213253

0.177767, -0.672131
-0.0662319, 0.885977
-0.111536, -0.213846

0.166857, -0.667163
-0.0696431, 0.881808
-0.097214, -0.214644

0.155757, -0.66184
-0.0730502, 0.877515
-0.0827067, -0.215674

0.144466, -0.656131
-0.076452, 0.873097
-0.0680145, -0.216965

0.132987, -0.650003
-0.0798471, 0.868554
-0.05314, -0.21855

0.121322, -0.643417
-0.0832342, 0.863884
-0.0380881, -0.220467

0.109479, -0.63633
-0.086612, 0.859086
-0.0228672, -0.222756

0.0974687, -0.628694
-0.0899791, 0.85416
-0.00748962, -0.225466

0.0853075, -0.620457
-0.0933341, 0.849105
0.00802655, -0.228648

0.0730195, -0.611559
-0.0966756, 0.843919
0.0236561, -0.23236

0.0606378, -0.601936
-0.100002, 0.838602
0.0393644, -0.236666

0.0482074, -0.591521
-0.103313, 0.833153
0.0551052, -0.241633

0.0357879, -0.580241
-0.106605, 0.827573
0.0708176, -0.247332

0.0234568, -0.568023
-0.10988, 0.821859
0.0864228, -0.253836

0.0113121, -0.5548
-0.113134, 0.816012
0.101822, -0.261213

-0.000525173, -0.540511
-0.116367, 0.810032
0.116892, -0.26952

-0.0119113, -0.525117
-0.119578, 0.803916
0.13149, -0.2788

-0.0226826, -0.508602
-0.122767, 0.797666
0.145449, -0.289064

-0.0326632, -0.490991
-0.125932, 0.791281
0.158595, -0.30029

-0.0416775, -0.472352
-0.129072, 0.784759
0.17075, -0.312407

-0.0495663, -0.452799
-0.132188, 0.778099
0.181754, -0.3253

-0.0562041, -0.432489
-0.135279, 0.771301
0.191483, -0.338812

-0.0615126, -0.411606
-0.138344, 0.764363
0.199857, -0.352758

-0.0654667, -0.390345
-0.141383, 0.757283
0.20685, -0.366938

-0.068092, -0.368894
-0.144396, 0.750058
0.212488, -0.381165

-0.0694562, -0.347418
-0.147382, 0.742686
0.216838, -0.395268

-0.0696557, -0.326055
-0.150341, 0.735164
0.219996, -0.409109

-0.0688031, -0.304908
-0.153272, 0.727489
0.222075, -0.42258

-0.0670166, -0.284049
-0.156173, 0.719655
0.22319, -0.435606

-0.0644119, -0.263523
-0.159046, 0.711659
0.223457, -0.448136

-0.0610975, -0.243355
-0.161887, 0.703495
0.222984, -0.46014

-0.0571722, -0.223553
-0.164695, 0.695159
0.221867, -0.471606

-0.0527243, -0.204111
-0.167469, 0.686644
0.220193, -0.482533

-0.0478317, -0.185016
-0.170207, 0.677943
0.218038, -0.492927

-0.0425627, -0.166248
-0.172905, 0.66905
0.215468, -0.502801

-0.036977, -0.147784
-0.175561, 0.659956
0.212538, -0.512172

-0.0311268, -0.129595
-0.178171, 0.650653
0.209298, -0.521058

-0.025058, -0.111654
-0.180732, 0.641132
0.20579, -0.529478

-0.0188112, -0.0939319
-0.183237, 0.631382
0.202048, -0.53745

-0.0124228, -0.0763979
-0.185682, 0.621394
0.198105, -0.544996

-0.00592571, -0.0590218
-0.188059, 0.611155
0.193985, -0.552133

0.000649681, -0.041773
-0.190362, 0.600652
0.189712, -0.558879

0.0072749, -0.0246206
-0.192579, 0.589872
0.185304, -0.565252

0.0139226, -0.00753359
-0.194702, 0.5788
0.18078, -0.571267

0.0205658, 0.00951922
-0.196717, 0.56742
0.176151, -0.57694

0.0271775, 0.0265694
-0.198609, 0.555715
0.171432, -0.582284

0.0337295, 0.043649
-0.200362, 0.543665
0.166632, -0.587314

0.0401919, 0.0607903
-0.201953, 0.53125
0.161761, -0.592041

0.0465324, 0.0780263
-0.203359, 0.51845
0.156826, -0.596476

0.052715, 0.0953902
-0.20455, 0.505241
0.151834, -0.600632

0.0586991, 0.112916
-0.205491, 0.4916
0.146792, -0.604516

0.0644381, 0.130636
-0.20614, 0.477503
0.141702, -0.608138

0.0698782, 0.148583
-0.206449, 0.462925
0.13657, -0.611507

0.0749564, 0.166788
-0.206356, 0.447843
0.1314, -0.61463

0.0795989, 0.185277
-0.205792, 0.432237
0.126193, -0.617514

0.0837195, 0.204071
-0.204672, 0.416094
0.120952, -0.620165

0.0872179, 0.223181
-0.202898, 0.399407
0.11568, -0.622588

0.0899792, 0.242602
-0.200356, 0.382187
0.110376, -0.624789

0.0918752, 0.262308
-0.196919, 0.364463
0.105044, -0.62677

0.0927684, 0.282242
-0.19245, 0.346294
0.0996815, -0.628536

0.0925207, 0.302313
-0.186812, 0.327777
0.0942909, -0.630089

0.0910075, 0.322383
-0.179879, 0.309047
0.0888718, -0.631431

0.0881361, 0.342277
-0.17156, 0.290284
0.0834243, -0.632562

0.0838664, 0.361786
-0.161815, 0.271696
0.0779482, -0.633483

0.0782249, 0.380692
-0.150668, 0.253501
0.0724435, -0.634192

0.0713082, 0.398791
-0.138218, 0.235898
0.0669102, -0.634689

0.0632702, 0.415926
-0.124619, 0.219045
0.0613487, -0.634971

0.0542998, 0.431993
-0.110059, 0.20304
0.0557595, -0.635034

0.0445955, 0.44695
-0.094739, 0.187924
0.0501436, -0.634874

0.0343439, 0.460804
-0.0788463, 0.173685
0.0445024, -0.634489

0.0237081, 0.473597
-0.0625459, 0.160274
0.0388378, -0.633872

0.0128221, 0.485396
-0.0459745, 0.147622
0.0331524, -0.633018

0.00179165, 0.496277
-0.0292408, 0.135646
0.0274491, -0.631924

-0.00930245, 0.506319
-0.0124292, 0.124263
0.0217317, -0.630582

-0.0204001, 0.515599
0.00439589, 0.113389
0.0160042, -0.628988

-0.0314573, 0.524188
0.0211859, 0.102949
0.0102714, -0.627136

-0.0424431, 0.532151
0.0379044, 0.0928715
0.00453871, -0.625022

-0.0533356, 0.539546
0.0545236, 0.0830941
-0.00118801, -0.62264

-0.0641202, 0.546425
0.0710226, 0.0735601
-0.00690234, -0.619985

-0.0747877, 0.552833
0.087385, 0.0642197
-0.0125973, -0.617053

-0.0853324, 0.55881
0.103598, 0.0550287
-0.0182656, -0.613839

-0.0957517, 0.564392
0.119651, 0.0459483
-0.0238992, -0.61034

-0.106045, 0.569608
0.135535, 0.0369445
-0.0294899, -0.606553

-0.116213, 0.574487
0.151241, 0.0279873
-0.0350289, -0.602474

-0.126257, 0.579051
0.166764, 0.0190509
-0.0405074, -0.598102

-0.136179, 0.583322
0.182095, 0.0101127
-0.0459159, -0.593434

-0.145984, 0.587317
0.197229, 0.00115306
-0.051245, -0.588471

-0.155673, 0.591055
0.212158, -0.00784461
-0.0564851, -0.58321

-0.16525, 0.594547
0.226876, -0.0168945
-0.0616262, -0.577653

-0.174718, 0.597809
0.241377, -0.0260084
-0.0666587, -0.5718

-0.184081, 0.60085
0.255654, -0.0351961
-0.0715728, -0.565654

-0.193342, 0.603681
0.269701, -0.0444654
-0.0763586, -0.559216

-0.202504, 0.606311
0.283511, -0.0538221
-0.0810068, -0.552489

-0.21157, 0.608748
0.297078, -0.0632705
-0.085508, -0.545478

-0.220543, 0.610999
0.310396, -0.0728135
-0.0898532, -0.538186

-0.229426, 0.613071
0.32346, -0.0824523
-0.0940338, -0.530618

-0.238221, 0.614968
0.336263, -0.092187
-0.0980415, -0.522781

-0.246931, 0.616696
0.3488, -0.102016
-0.101869, -0.51468

-0.255558, 0.61826
0.361066, -0.111938
-0.105508, -0.506322

-0.264104, 0.619663
0.373057, -0.12195
-0.108953, -0.497714

-0.272571, 0.620909
0.384769, -0.132046
-0.112198, -0.488863

-0.28096, 0.622001
0.396198, -0.142223
-0.115237, -0.479778

-0.289274, 0.622941
0.407341, -0.152475
-0.118066, -0.470466

-0.297514, 0.623732
0.418195, -0.162795
-0.120681, -0.460937

-0.305682, 0.624376
0.42876, -0.173178
-0.123078, -0.451198

-0.313777, 0.624875
0.439033, -0.183617
-0.125255, -0.441259

-0.321802, 0.62523
0.449013, -0.194103
-0.127211, -0.431127

-0.329757, 0.625442
0.458702, -0.204629
-0.128945, -0.420813

-0.337643, 0.625512
0.468098, -0.215188
-0.130455, -0.410323

-0.34546, 0.625441
0.477203, -0.225773
-0.131744, -0.399668

-0.353209, 0.625229
0.48602, -0.236374
-0.132811, -0.388855

-0.36089, 0.624877
0.494548, -0.246985
-0.133659, -0.377892

-0.368503, 0.624385
0.502793, -0.257597
-0.13429, -0.366788

-0.376048, 0.623753
0.510755, -0.268204
-0.134707, -0.355549

-0.383525, 0.622981
0.51844, -0.278797
-0.134914, -0.344183

-0.390934, 0.622068
0.52585, -0.28937
-0.134915, -0.332697

-0.398274, 0.621014
0.53299, -0.299916
-0.134716, -0.321097

-0.405544, 0.619818
0.539865, -0.310428
-0.13432, -0.30939

-0.412744, 0.61848
0.546479, -0.3209
-0.133735, -0.29758

-0.419872, 0.616999
0.552838, -0.331325
-0.132965, -0.285674

-0.426928, 0.615374
0.558946, -0.341699
-0.132018, -0.273675

-0.43391, 0.613604
0.564811, -0.352015
-0.130901, -0.261588

-0.440817, 0.611687
0.570436, -0.362269
-0.12962, -0.249418

-0.447646, 0.609624
0.575829, -0.372457
-0.128183, -0.237167

-0.454397, 0.607411
0.580995, -0.382573
-0.126598, -0.224838

-0.461066, 0.605049
0.58594, -0.392614
-0.124874, -0.212435

-0.467652, 0.602535
0.59067, -0.402576
-0.123017, -0.199959

-0.474153, 0.599869
0.595191, -0.412457
-0.121038, -0.187412

-0.480565, 0.597048
0.599509, -0.422253
-0.118945, -0.174795

-0.486885, 0.594071
0.603631, -0.431961
-0.116746, -0.162111

-0.493111, 0.590937
0.607562, -0.441579
-0.114451, -0.149359

-0.49924, 0.587645
0.611308, -0.451105
-0.112069, -0.13654

-0.505266, 0.584192
0.614875, -0.460538
-0.109609, -0.123654

-0.511188, 0.580577
0.618269, -0.469876
-0.107082, -0.110702

-0.516999, 0.576799
0.621496, -0.479117
-0.104496, -0.0976823

-0.522697, 0.572856
0.62456, -0.488261
-0.101863, -0.0845958

-0.528277, 0.568748
0.627468, -0.497306
-0.099191, -0.0714413

-0.533733, 0.564472
0.630224, -0.506253
-0.0964915, -0.0582182

-0.53906, 0.560027
0.632834, -0.515101
-0.0937744, -0.0449258

-0.544253, 0.555413
0.635303, -0.52385
-0.0910503, -0.0315632

-0.549306, 0.550629
0.637636, -0.5325
-0.0883298, -0.0181295

-0.554213, 0.545674
0.639837, -0.54105
-0.0856237, -0.00462394

-0.558968, 0.540547
0.64191, -0.549501
-0.0829429, 0.00895435

-0.563563, 0.535248
0.643861, -0.557854
-0.0802986, 0.0226061

-0.567992, 0.529778
0.645694, -0.56611
-0.0777018, 0.0363318

-0.572248, 0.524135
0.647412, -0.574267
-0.075164, 0.0501319

-0.576323, 0.518322
0.649019, -0.582329
-0.0726966, 0.0640065

-0.580209, 0.512338
0.65052, -0.590294
-0.0703113, 0.0779557

-0.583898, 0.506186
0.651917, -0.598165
-0.0680198, 0.0919791

-0.587381, 0.499866
0.653215, -0.605942
-0.0658338, 0.106076

-0.590651, 0.493381
0.654417, -0.613626
-0.0637652, 0.120245

-0.593698, 0.486733
0.655525, -0.621218
-0.0618261, 0.134485

-0.596514, 0.479926
0.656542, -0.62872
-0.0600285, 0.148794

-0.599088, 0.472963
0.657473, -0.636133
-0.0583844, 0.163169

-0.601413, 0.465849
0.658319, -0.643457
-0.0569057, 0.177608

-0.603478, 0.458587
0.659082, -0.650694
-0.0556045, 0.192106

-0.605274, 0.451185
0.659767, -0.657845
-0.0544926, 0.20666

-0.606792, 0.443648
0.660374, -0.664912
-0.0535817, 0.221264

-0.608022, 0.435982
0.660906, -0.671895
-0.0528834, 0.235913

-0.608956, 0.428196
0.661365, -0.678796
-0.0524089, 0.2506

-0.609584, 0.420297
0.661753, -0.685616
-0.0521692, 0.265319

-0.609897, 0.412296
0.662072, -0.692357
-0.0521748, 0.280061

-0.609888, 0.404201
0.662324, -0.699019
-0.052436, 0.294818

-0.609548, 0.396023
0.66251, -0.705604
-0.0529623, 0.309581

-0.60887, 0.387774
0.662633, -0.712113
-0.0537627, 0.324338

-0.607847, 0.379466
0.662692, -0.718546
-0.0548455, 0.339081

-0.606472, 0.37111
0.662691, -0.724906
-0.0562184, 0.353796

-0.604741, 0.362721
0.662629, -0.731193
-0.057888, 0.368472

-0.602649, 0.354312
0.662509, -0.737409
-0.0598603, 0.383097

-0.600191, 0.345898
0.662331, -0.743554
-0.0621401, 0.397656

-0.597366, 0.337493
0.662097, -0.749629
-0.0647313, 0.412136

-0.594171, 0.329112
0.661807, -0.755635
-0.0676365, 0.426523

-0.590605, 0.320771
0.661462, -0.761574
-0.0708575, 0.440803

-0.586669, 0.312485
0.661064, -0.767445
-0.0743947, 0.45496

-0.582365, 0.30427
0.660612, -0.77325
-0.0782473, 0.468981

-0.577695, 0.296141
0.660108, -0.778991
-0.0824134, 0.482849

-0.572663, 0.288114
0.659553, -0.784666
-0.0868898, 0.496552

-0.567274, 0.280203
0.658946, -0.790277
-0.0916722, 0.510075

-0.561533, 0.272423
0.658288, -0.795826
-0.0967551, 0.523403

-0.555449, 0.264789
0.657581, -0.801311
-0.102132, 0.536523

-0.549029, 0.257313
0.656824, -0.806735
-0.107795, 0.549422

-0.542282, 0.250009
0.656017, -0.812097
-0.113735, 0.562088

-0.535218, 0.242888
0.655162, -0.817398
-0.119944, 0.57451

-0.527848, 0.235962
0.654258, -0.822639
-0.12641, 0.586676

-0.520184, 0.229242
0.653306, -0.827819
-0.133122, 0.598577

-0.512237, 0.222735
0.652306, -0.832939
-0.140069, 0.610204

-0.50402, 0.216452
0.651258, -0.838
-0.147238, 0.621549

-0.495546, 0.210398
0.650162, -0.843002
-0.154616, 0.632604

-0.486828, 0.20458
0.649019, -0.847945
-0.162191, 0.643364

-0.47788, 0.199004
0.647829, -0.852828
-0.169949, 0.653824

-0.468716, 0.193674
0.646592, -0.857654
-0.177877, 0.663979

-0.459348, 0.188593
0.645309, -0.86242
-0.185961, 0.673827

-0.449791, 0.183763
0.643978, -0.867128
-0.194187, 0.683366

-0.440058, 0.179185
0.642601, -0.871778
-0.202543, 0.692593

-0.430163, 0.174861
0.641177, -0.876369
-0.211014, 0.701509

-0.420117, 0.170789
0.639707, -0.880902
-0.21959, 0.710113

-0.409935, 0.166968
0.63819, -0.885376
-0.228255, 0.718408

-0.399627, 0.163398
0.636627, -0.889792
-0.237, 0.726394

-0.389207, 0.160074
0.635018, -0.894149
-0.245811, 0.734075

-0.378685, 0.156994
0.633363, -0.898447
-0.254677, 0.741453

-0.368073, 0.154155
0.631661, -0.902686
-0.263588, 0.748531

-0.357381, 0.151552
0.629914, -0.906866
-0.272533, 0.755314

-0.346618, 0.14918
0.628121, -0.910987
-0.281502, 0.761807

-0.335796, 0.147035
0.626282, -0.915047
-0.290486, 0.768013

-0.324922, 0.145111
0.624397, -0.919048
-0.299475, 0.773937

-0.314004, 0.143402
0.622467, -0.922988
-0.308462, 0.779586

-0.303052, 0.141903
0.620491, -0.926868
-0.317438, 0.784965

-0.292073, 0.140608
0.618469, -0.930687
-0.326397, 0.790079

-0.281073, 0.139511
0.616403, -0.934444
-0.33533, 0.794934

-0.27006, 0.138604
0.614291, -0.93814
-0.344232, 0.799536

-0.259039, 0.137883
0.612135, -0.941774
-0.353096, 0.803891

-0.248016, 0.13734
0.609933, -0.945346
-0.361917, 0.808006

-0.236997, 0.136969
0.607687, -0.948854
-0.37069, 0.811885

-0.225987, 0.136763
0.605397, -0.952299
-0.37941, 0.815536

-0.21499, 0.136717
0.603063, -0.955681
-0.388073, 0.818964

-0.20401, 0.136823
0.600684, -0.958999
-0.396674, 0.822175

-0.193052, 0.137076
0.598262, -0.962252
-0.40521, 0.825176

-0.182119, 0.137469
0.595796, -0.96544
-0.413677, 0.827971

-0.171214, 0.137995
0.593287, -0.968562
-0.422073, 0.830567

-0.16034, 0.138649
0.590735, -0.971619
-0.430395, 0.832969

-0.1495, 0.139426
0.58814, -0.974609
-0.43864, 0.835184

-0.138697, 0.140318
0.585503, -0.977533
-0.446806, 0.837215

-0.127934, 0.14132
0.582824, -0.980389
-0.454891, 0.839069

-0.117211, 0.142427
0.580104, -0.983178
-0.462893, 0.840751

-0.106531, 0.143633
0.577342, -0.985898
-0.470811, 0.842265

-0.0958961, 0.144933
0.574539, -0.98855
-0.478643, 0.843617

-0.0853075, 0.146321
0.571696, -0.991133
-0.486388, 0.844811

-0.0747666, 0.147793
0.568813, -0.993646
-0.494046, 0.845853

-0.0642748, 0.149344
0.565889, -0.996089
-0.501615, 0.846746

-0.0538332, 0.150968
0.562927, -0.998463
-0.509094, 0.847495

-0.0434428, 0.152661
0.559926, -1.00076
-0.516483, 0.848104

-0.0331046, 0.154419
0.556887, -1.003
-0.523782, 0.848577

-0.0228193, 0.156237
0.553809, -1.00516
-0.53099, 0.848918

-0.0125878, 0.158111
0.550694, -1.00724
-0.538107, 0.849132

-0.00241053, 0.160037
0.547543, -1.00926
-0.545132, 0.849221

0.00771178, 0.162011
0.544355, -1.0112
-0.552067, 0.84919

0.0177787, 0.164029
0.541131, -1.01307
-0.55891, 0.849041

0.0277898, 0.166087
0.537872, -1.01487
-0.565661, 0.848779

0.0377446, 0.168182
0.534577, -1.01659
-0.572322, 0.848406

0.0476429, 0.17031
0.531249, -1.01824
-0.578892, 0.847926

0.0574844, 0.172469
0.527887, -1.01981
-0.585371, 0.847341

0.0672688, 0.174654
0.524492, -1.02131
-0.591761, 0.846654

0.076996, 0.176862
0.521064, -1.02273
-0.59806, 0.845869

0.0866658, 0.179092
0.517604, -1.02408
-0.60427, 0.844988

0.096278, 0.181338
0.514112, -1.02535
-0.61039, 0.844014

0.105833, 0.1836
0.51059, -1.02655
-0.616423, 0.842948

0.115329, 0.185874
0.507037, -1.02767
-0.622367, 0.841794

0.124768, 0.188158
0.503455, -1.02871
-0.628223, 0.840554

0.13415, 0.190449
0.499844, -1.02968
-0.633993, 0.83923

0.143473, 0.192745
0.496203, -1.03057
-0.639676, 0.837825

0.152738, 0.195043
0.492535, -1.03138
-0.645274, 0.83634

0.161946, 0.197342
0.48884, -1.03212
-0.650786, 0.834777

0.171095, 0.199638
0.485118, -1.03278
-0.656213, 0.833138

0.180187, 0.201931
0.48137, -1.03336
-0.661557, 0.831426

0.189221, 0.204218
0.477596, -1.03386
-0.666817, 0.829642

0.198197, 0.206497
0.473797, -1.03428
-0.671994, 0.827787

0.207116, 0.208766
0.469974, -1.03463
-0.677089, 0.825863

0.215976, 0.211025
0.466127, -1.0349
-0.682103, 0.823873

0.224779, 0.21327
0.462256, -1.03509
-0.687036, 0.821817

0.233525, 0.2155
0.458363, -1.0352
-0.691888, 0.819697

0.242212, 0.217714
0.454449, -1.03523
-0.696661, 0.817515

0.250843, 0.219911
0.450512, -1.03518
-0.701355, 0.815271

0.259415, 0.222088
0.446555, -1.03506
-0.70597, 0.812967

0.26793, 0.224245
0.442578, -1.03485
-0.710508, 0.810605

0.276388, 0.22638
0.43858, -1.03457
-0.714969, 0.808185

0.284789, 0.228493
0.434564, -1.0342
-0.719353, 0.805709

0.293132, 0.23058
0.430529, -1.03376
-0.723661, 0.803178

0.301417, 0.232643
0.426477, -1.03324
-0.727894, 0.800593

0.309646, 0.234679
0.422406, -1.03263
-0.732052, 0.797955

0.317817, 0.236687
0.418319, -1.03195
-0.736136, 0.795265

0.325931, 0.238667
0.414216, -1.03119
-0.740147, 0.792524

0.333988, 0.240617
0.410097, -1.03035
-0.744085, 0.789733

0.341988, 0.242536
0.405962, -1.02943
-0.74795, 0.786893

0.34993, 0.244424
0.401813, -1.02843
-0.751743, 0.784004

0.357815, 0.24628
0.39765, -1.02735
-0.755466, 0.781068

0.365643, 0.248102
0.393473, -1.02619
-0.759117, 0.778085

0.373414, 0.249891
0.389284, -1.02495
-0.762698, 0.775056

0.381128, 0.251644
0.385081, -1.02363
-0.766209, 0.771982

0.388785, 0.253363
0.380867, -1.02223
-0.769651, 0.768864

0.396384, 0.255045
0.376641, -1.02075
-0.773025, 0.765701

0.403926, 0.25669
0.372404, -1.01919
-0.77633, 0.762496

0.411411, 0.258298
0.368156, -1.01755
-0.779567, 0.759247

0.418839, 0.259867
0.363898, -1.01582
-0.782737, 0.755957

0.426209, 0.261398
0.359631, -1.01402
-0.78584, 0.752625

0.433522, 0.26289
0.355355, -1.01214
-0.788876, 0.749253

0.440777, 0.264342
0.35107, -1.01018
-0.791847, 0.74584

0.447975, 0.265754
0.346777, -1.00814
-0.794752, 0.742387

0.455115, 0.267124
0.342476, -1.00602
-0.797591, 0.738895

0.462198, 0.268454
0.338168, -1.00382
-0.800366, 0.735364

0.469223, 0.269742
0.333854, -1.00154
-0.803077, 0.731794

0.476191, 0.270987
0.329533, -0.999174
-0.805723, 0.728187

0.4831, 0.27219
0.325206, -0.996731
-0.808306, 0.724541

0.489951, 0.27335
0.320874, -0.994208
-0.810825, 0.720858

0.496745, 0.274466
0.316537, -0.991605
-0.813281, 0.717139

0.50348, 0.275539
0.312195, -0.988921
-0.815675, 0.713382

0.510157, 0.276567
0.307849, -0.986157
-0.818006, 0.70959

0.516776, 0.277551
0.3035, -0.983312
-0.820275, 0.705761

0.523336, 0.27849
0.299147, -0.980387
-0.822483, 0.701897

0.529837, 0.279384
0.294792, -0.977382
-0.824629, 0.697997

0.53628, 0.280233
0.290434, -0.974295
-0.826713, 0.694062

0.542663, 0.281036
0.286074, -0.971128
-0.828737, 0.690093

0.548988, 0.281793
0.281712, -0.967881
-0.8307, 0.686088

0.555253, 0.282503
0.277349, -0.964552
-0.832603, 0.682049

0.561459, 0.283167
0.272986, -0.961143
-0.834445, 0.677976

0.567606, 0.283784
0.268621, -0.957653
-0.836227, 0.673868

0.573692, 0.284355
0.264257, -0.954082
-0.83795, 0.669727

0.579719, 0.284878
0.259893, -0.950429
-0.839612, 0.665552

0.585686, 0.285353
0.25553, -0.946696
-0.841216, 0.661343

0.591592, 0.285781
0.251168, -0.942882
-0.84276, 0.657101

0.597438, 0.286161
0.246807, -0.938986
-0.844245, 0.652825

0.603223, 0.286493
0.242448, -0.935009
-0.845671, 0.648516

0.608947, 0.286777
0.238091, -0.930951
-0.847038, 0.644174

0.61461, 0.287012
0.233736, -0.926811
-0.848346, 0.639799

0.620211, 0.287199
0.229384, -0.922589
-0.849596, 0.63539

0.625751, 0.287336
0.225036, -0.918285
-0.850787, 0.630949

0.631229, 0.287425
0.220691, -0.9139
-0.85192, 0.626475

0.636645, 0.287465
0.21635, -0.909433
-0.852995, 0.621968

0.641998, 0.287456
0.212013, -0.904883
-0.854011, 0.617428

0.647289, 0.287397
0.20768, -0.900252
-0.854969, 0.612855

0.652516, 0.287289
0.203353, -0.895538
-0.855869, 0.608249

0.65768, 0.287131
0.19903, -0.890741
-0.856711, 0.60361

0.662781, 0.286923
0.194713, -0.885861
-0.857494, 0.598938

0.667818, 0.286666
0.190402, -0.880899
-0.85822, 0.594233

0.67279, 0.286358
0.186097, -0.875854
-0.858887, 0.589496

0.677698, 0.286
0.181798, -0.870725
-0.859496, 0.584725

0.682541, 0.285592
0.177506, -0.865513
-0.860047, 0.579921

0.687319, 0.285134
0.173221, -0.860218
-0.86054, 0.575084

0.692031, 0.284625
0.168943, -0.854838
-0.860974, 0.570213

0.696677, 0.284066
0.164673, -0.849375
-0.86135, 0.565309

0.701257, 0.283456
0.160411, -0.843827
-0.861668, 0.560371

0.70577, 0.282795
0.156157, -0.838195
-0.861927, 0.5554

0.710216, 0.282084
0.151911, -0.832478
-0.862127, 0.550394

0.714594, 0.281321
0.147675, -0.826676
-0.862268, 0.545355

0.718904, 0.280508
0.143447, -0.820789
-0.862351, 0.540281

0.723146, 0.279643
0.139228, -0.814816
-0.862374, 0.535173

0.727319, 0.278727
0.135019, -0.808758
-0.862338, 0.530031

0.731423, 0.27776
0.130819, -0.802614
-0.862242, 0.524854

0.735457, 0.276742
0.12663, -0.796383
-0.862086, 0.519641

0.73942, 0.275672
0.122451, -0.790066
-0.861871, 0.514394

0.743313, 0.274551
0.118282, -0.783661
-0.861595, 0.50911

0.747135, 0.273378
0.114124, -0.77717
-0.861259, 0.503791

0.750884, 0.272154
0.109977, -0.77059
-0.860861, 0.498437

0.754562, 0.270878
0.105841, -0.763923
-0.860403, 0.493045

0.758166, 0.269551
0.101717, -0.757168
-0.859883, 0.487617

0.761697, 0.268171
0.0976035, -0.750323
-0.859301, 0.482152

0.765154, 0.26674
0.0935023, -0.74339
-0.858657, 0.47665

0.768537, 0.265257
0.0894131, -0.736367
-0.85795, 0.47111

0.771844, 0.263723
0.0853359, -0.729254
-0.85718, 0.465532

0.775075, 0.262136
0.081271, -0.722051
-0.856346, 0.459915

0.77823, 0.260498
0.0772186, -0.714757
-0.855449, 0.45426

0.781308, 0.258807
0.0731787, -0.707372
-0.854487, 0.448565

0.784308, 0.257065
0.0691516, -0.699895
-0.853459, 0.44283

0.787229, 0.255271
0.0651372, -0.692326
-0.852366, 0.437055

0.790071, 0.253424
0.0611358, -0.684664
-0.851207, 0.43124

0.792833, 0.251526
0.0571474, -0.676909
-0.849981, 0.425383

0.795515, 0.249576
0.0531721, -0.669061
-0.848687, 0.419485

0.798115, 0.247573
0.0492099, -0.661118
-0.847325, 0.413544

0.800633, 0.245519
0.0452608, -0.65308
-0.845893, 0.407561

0.803067, 0.243413
0.041325, -0.644946
-0.844392, 0.401534

0.805418, 0.241255
0.0374023, -0.636717
-0.84282, 0.395462

0.807684, 0.239044
0.0334927, -0.628391
-0.841177, 0.389347

0.809865, 0.236782
0.0295962, -0.619968
-0.839461, 0.383185

0.811959, 0.234469
0.0257126, -0.611446
-0.837672, 0.376978

0.813966, 0.232103
0.0218419, -0.602826
-0.835808, 0.370723

0.815884, 0.229686
0.0179839, -0.594107
-0.833868, 0.364422

0.817713, 0.227217
0.0141384, -0.585288
-0.831851, 0.358071

0.819452, 0.224696
0.0103052, -0.576368
-0.829757, 0.351672

0.821099, 0.222124
0.00648395, -0.567346
-0.827583, 0.345222

0.822655, 0.219501
0.00267437, -0.558222
-0.825329, 0.338721

0.824117, 0.216826
-0.00112393, -0.548994
-0.822993, 0.332168

0.825484, 0.2141
-0.00491137, -0.539663
-0.820573, 0.325563

0.826756, 0.211324
-0.00868845, -0.530227
-0.818068, 0.318903

0.827932, 0.208496
-0.0124557, -0.520685
-0.815476, 0.312188

0.829009, 0.205618
-0.0162139, -0.511036
-0.812795, 0.305418

0.829988, 0.20269
-0.0199636, -0.50128
-0.810024, 0.29859

0.830866, 0.199711
-0.0237056, -0.491414
-0.80716, 0.291703

0.831643, 0.196682
-0.0274409, -0.48144
-0.804202, 0.284757

0.832317, 0.193604
-0.0311706, -0.471354
-0.801146, 0.27775

0.832887, 0.190476
-0.0348956, -0.461157
-0.797991, 0.270681

0.833352, 0.187299
-0.0386172, -0.450847
-0.794734, 0.263548

0.83371, 0.184073
-0.042337, -0.440423
-0.791373, 0.256349

0.833959, 0.180799
-0.0460563, -0.429883
-0.787903, 0.249084

0.8341, 0.177477
-0.049777, -0.419227
-0.784323, 0.24175

0.834129, 0.174107
-0.0535009, -0.408454
-0.780628, 0.234347

0.834046, 0.170689
-0.0572302, -0.397561
-0.776816, 0.226872

0.833849, 0.167225
-0.0609673, -0.386548
-0.772882, 0.219323

0.833537, 0.163715
-0.0647146, -0.375413
-0.768822, 0.211698

0.833107, 0.160159
-0.0684753, -0.364156
-0.764632, 0.203997

0.832559, 0.156558
-0.0722524, -0.352773
-0.760307, 0.196216

0.831891, 0.152912
-0.0760496, -0.341265
-0.755841, 0.188353

0.831101, 0.149222
-0.0798709, -0.32963
-0.75123, 0.180407

0.830187, 0.14549
-0.0837205, -0.317865
-0.746467, 0.172375

0.829148, 0.141715
-0.0876035, -0.305969
-0.741545, 0.164255

0.827983, 0.137898
-0.0915254, -0.293942
-0.736457, 0.156044

0.826689, 0.13404
-0.0954921, -0.281781
-0.731197, 0.14774

0.825264, 0.130143
-0.0995105, -0.269484
-0.725754, 0.139341

0.823708, 0.126207
-0.103588, -0.257051
-0.72012, 0.130844

0.822018, 0.122233
-0.107734, -0.244479
-0.714284, 0.122246

0.820192, 0.118223
-0.111956, -0.231768
-0.708236, 0.113545

0.818229, 0.114177
-0.116267, -0.218916
-0.701962, 0.104739

0.816127, 0.110096
-0.120677, -0.205921
-0.69545, 0.0958253

0.813884, 0.105982
-0.1252, -0.192784
-0.688684, 0.0868016

0.811499, 0.101837
-0.129852, -0.179503
-0.681647, 0.077666

0.80897, 0.097661
-0.134649, -0.166078
-0.674321, 0.0684172

0.806295, 0.0934562
-0.13961, -0.15251
-0.666685, 0.0590542

0.803473, 0.089224
-0.144758, -0.138801
-0.658715, 0.0495768

0.800502, 0.0849659
-0.150117, -0.124952
-0.650385, 0.0399858

0.79738, 0.0806836
-0.155716, -0.110967
-0.641665, 0.0302835

0.794107, 0.0763788
-0.161585, -0.0968526
-0.632522, 0.0204738

0.79068, 0.0720531
-0.167762, -0.0826165
-0.622917, 0.0105634

0.787098, 0.0677084
-0.174289, -0.0682707
-0.61281, 0.000562278

0.783361, 0.0633464
-0.181211, -0.0538313
-0.60215, -0.00951511

0.779466, 0.0589689
-0.188584, -0.0393207
-0.590882, -0.0196482

0.775414, 0.0545776
-0.196467, -0.0247693
-0.578947, -0.0298084

0.771202, 0.0501745
-0.204929, -0.0102183
-0.566273, -0.0399562

0.766831, 0.0457611
-0.214045, 0.00427671
-0.552786, -0.0500378

0.762299, 0.0413392
-0.223895, 0.0186416
-0.538404, -0.0599808

0.757606, 0.0369104
-0.234567, 0.0327781
-0.523039, -0.0696885

0.75275, 0.0324761
-0.246142, 0.0465578
-0.506609, -0.079034

0.747732, 0.0280378
-0.258694, 0.0598167
-0.489039, -0.0878545

0.742552, 0.0235965
-0.272272, 0.0723516
-0.47028, -0.0959481

0.737207, 0.0191532
-0.286882, 0.0839229
-0.450325, -0.103076

0.731698, 0.0147088
-0.302463, 0.0942675
-0.429234, -0.108976

0.726023, 0.0102637
-0.318875, 0.103126
-0.407148, -0.11339

0.720181, 0.0058183
-0.335886, 0.110283
-0.384295, -0.116101

0.71417, 0.00137276
-0.353199, 0.115607
-0.360971, -0.116979

0.707988, -0.00307289
-0.370488, 0.119075
-0.3375, -0.116003

0.701632, -0.0075187
-0.387446, 0.120777
-0.314186, -0.113259

0.695098, -0.0119647
-0.403824, 0.120883
-0.291274, -0.108918

0.688381, -0.0164109
-0.41945, 0.119607
-0.268931, -0.103196

0.681477, -0.020857
-0.434221, 0.117174
-0.247256, -0.0963174

0.67438, -0.0253028
-0.448096, 0.113799
-0.226284, -0.0884958

0.667082, -0.0297476
-0.461074, 0.109665
-0.206009, -0.0799178

0.659578, -0.0341903
-0.47318, 0.104932
-0.186398, -0.0707417

0.651858, -0.0386297
-0.484456, 0.0997275
-0.167402, -0.0610978

0.643913, -0.043064
-0.49495, 0.0941559
-0.148963, -0.0510919

0.635734, -0.0474908
-0.504715, 0.0883002
-0.131019, -0.0408094

0.627309, -0.0519072
-0.513799, 0.0822267
-0.11351, -0.0303195

0.618627, -0.0563094
-0.522251, 0.0759877
-0.0963758, -0.0196784

0.609675, -0.0606928
-0.530116, 0.069625
-0.0795589, -0.0089322

0.600439, -0.065052
-0.537435, 0.0631716
-0.0630043, 0.00188042

0.590903, -0.0693801
-0.544244, 0.0566536
-0.0466592, 0.0127265

0.581052, -0.0736688
-0.550578, 0.050092
-0.0304734, 0.0235768

0.570865, -0.0779081
-0.556467, 0.0435031
-0.0143982, 0.034405

0.560325, -0.0820861
-0.561939, 0.0369002
0.00161333, 0.0451858

0.54941, -0.0861881
-0.567017, 0.0302937
0.017607, 0.0558944

0.538097, -0.0901967
-0.571725, 0.0236917
0.0336278, 0.066505

0.526362, -0.0940908
-0.576082, 0.0171007
0.04972, 0.0769901

0.514179, -0.097845
-0.580106, 0.0105256
0.0659273, 0.0873194

0.501521, -0.101429
-0.583814, 0.00397024
0.082293, 0.0974585

0.488359, -0.104805
-0.587219, -0.00256253
0.0988594, 0.107368

0.474666, -0.107931
-0.590333, -0.00907063
0.115668, 0.117001

0.460413, -0.110752
-0.59317, -0.0155526
0.132757, 0.126305

0.445576, -0.113207
-0.595738, -0.0220076
0.150162, 0.135214

0.430135, -0.115222
-0.598047, -0.0284351
0.167912, 0.143657

0.414075, -0.116711
-0.600103, -0.0348349
0.186028, 0.151546

0.397397, -0.117579
-0.601915, -0.0412072
0.204518, 0.158786

0.380116, -0.117716
-0.603486, -0.0475521
0.22337, 0.165268

0.362269, -0.117011
-0.604822, -0.0538702
0.242553, 0.170881

0.343921, -0.115348
-0.605926, -0.0601619
0.262006, 0.17551

0.325165, -0.112625
-0.6068, -0.0664276
0.281635, 0.179053

0.306125, -0.10876
-0.607447, -0.0726676
0.301321, 0.181427

0.286946, -0.103702
-0.607865, -0.0788821
0.320919, 0.182584

0.267785, -0.0974463
-0.608056, -0.085071
0.340271, 0.182517

0.248792, -0.0900312
-0.608017, -0.0912337
0.359225, 0.181265

0.230103, -0.0815367
-0.607746, -0.0973694
0.377643, 0.178906

0.211821, -0.0720738
-0.607241, -0.103477
0.39542, 0.17555

0.194018, -0.0617712
-0.606499, -0.109553
0.412481, 0.171325

0.176729, -0.050763
-0.605515, -0.115597
0.428786, 0.16636

0.159963, -0.0391786
-0.604285, -0.121604
0.444322, 0.160783

0.143706, -0.0271363
-0.602805, -0.127572
0.459099, 0.154708

0.127927, -0.0147406
-0.60107, -0.133494
0.473143, 0.148235

0.112589, -0.00208143
-0.599076, -0.139367
0.486488, 0.141448

0.0976449, 0.0107651
-0.596818, -0.145183
0.499173, 0.134418

0.0830501, 0.0237351
-0.594292, -0.150937
0.511242, 0.127202

0.0687583, 0.0367751
-0.591493, -0.156621
0.522735, 0.119846

0.0547255, 0.0498402
-0.588418, -0.162227
0.533693, 0.112387

0.0409107, 0.0628925
-0.585063, -0.167747
0.544152, 0.104855

0.0272758, 0.0758998
-0.581425, -0.173173
0.554149, 0.0972729

0.0137863, 0.088834
-0.577502, -0.178493
0.563716, 0.0896593

0.000411109, 0.101671
-0.573291, -0.1837
0.57288, 0.0820286

-0.0128776, 0.114389
-0.568793, -0.188781
0.58167, 0.074392

-0.0261043, 0.126969
-0.564005, -0.193727
0.590109, 0.0667583

-0.0392903, 0.139392
-0.558928, -0.198527
0.598218, 0.0591342

-0.0524543, 0.151644
-0.553564, -0.203169
0.606018, 0.0515249

-0.0656119, 0.163708
-0.547914, -0.207643
0.613526, 0.0439343

-0.0787762, 0.175572
-0.541981, -0.211937
0.620757, 0.0363652

-0.091958, 0.187221
-0.535768, -0.21604
0.627726, 0.0288197

-0.105166, 0.198643
-0.529281, -0.219942
0.634447, 0.0212992

-0.118406, 0.209827
-0.522523, -0.223632
0.640929, 0.0138047

-0.131683, 0.220763
-0.515502, -0.227099
0.647185, 0.00633662

-0.144999, 0.231439
-0.508225, -0.230334
0.653224, -0.00110479

-0.158356, 0.241847
-0.500698, -0.233328
0.659053, -0.00851955

-0.171752, 0.251979
-0.49293, -0.236071
0.664682, -0.0159079

-0.185185, 0.261826
-0.484931, -0.238556
0.670116, -0.0232701

-0.198653, 0.271382
-0.476709, -0.240776
0.675362, -0.0306067

-0.212151, 0.280642
-0.468275, -0.242723
0.680426, -0.0379182

-0.225673, 0.289599
-0.459639, -0.244394
0.685313, -0.0452052

-0.239214, 0.29825
-0.450813, -0.245782
0.690027, -0.0524682

-0.252767, 0.306592
-0.441806, -0.246884
0.694573, -0.059708

-0.266323, 0.314622
-0.43263, -0.247697
0.698954, -0.066925

-0.279876, 0.32234
-0.423297, -0.24822
0.703173, -0.0741199

-0.293417, 0.329744
-0.413817, -0.24845
0.707234, -0.0812933

-0.306937, 0.336834
-0.404202, -0.248389
0.711139, -0.0884457

-0.320427, 0.343613
-0.394462, -0.248035
0.71489, -0.0955776

-0.33388, 0.350082
-0.384608, -0.247392
0.718489, -0.102689

-0.347287, 0.356243
-0.374651, -0.246462
0.721938, -0.109782

-0.360638, 0.362101
-0.3646, -0.245246
0.725238, -0.116855

-0.373927, 0.367659
-0.354465, -0.24375
0.728391, -0.123909

-0.387144, 0.372922
-0.344254, -0.241978
0.731398, -0.130944

-0.400282, 0.377895
-0.333977, -0.239934
0.734259, -0.137961

-0.413334, 0.382584
-0.323641, -0.237624
0.736975, -0.14496

-0.426293, 0.386995
-0.313253, -0.235055
0.739546, -0.15194

-0.439152, 0.391134
-0.302821, -0.232232
0.741973, -0.158902

-0.451905, 0.395008
-0.29235, -0.229163
0.744255, -0.165845

-0.464547, 0.398625
-0.281847, -0.225856
0.746394, -0.17277

-0.477072, 0.401991
-0.271315, -0.222316
0.748387, -0.179675

-0.489475, 0.405114
-0.26076, -0.218553
0.750235, -0.186562

-0.501753, 0.408002
-0.250186, -0.214574
0.751938, -0.193428

-0.5139, 0.410662
-0.239595, -0.210387
0.753495, -0.200275

-0.525915, 0.413101
-0.22899, -0.206
0.754905, -0.2071

-0.537793, 0.415327
-0.218374, -0.201423
0.756167, -0.213904

-0.549533, 0.417348
-0.207748, -0.196663
0.757281, -0.220685

-0.561132, 0.419172
-0.197113, -0.191728
0.758244, -0.227443

-0.572587, 0.420805
-0.186469, -0.186628
0.759057, -0.234177

-0.583899, 0.422255
-0.175818, -0.18137
0.759717, -0.240885

-0.595065, 0.42353
-0.165159, -0.175964
0.760225, -0.247566

-0.606085, 0.424636
-0.154492, -0.170417
0.760577, -0.254218

-0.616958, 0.425579
-0.143814, -0.164739
0.760772, -0.260841

-0.627684, 0.426368
-0.133126, -0.158936
0.76081, -0.267432

-0.638263, 0.427008
-0.122425, -0.153019
0.760688, -0.27399

-0.648695, 0.427506
-0.11171, -0.146994
0.760405, -0.280512

-0.658981, 0.427868
-0.100978, -0.140871
0.75996, -0.286997

-0.669121, 0.428099
-0.0902278, -0.134658
0.759349, -0.293442

-0.679116, 0.428206
-0.0794556, -0.128362
0.758572, -0.299844

-0.688968, 0.428194
-0.0686589, -0.121992
0.757627, -0.306202

-0.698677, 0.428068
-0.0578349, -0.115555
0.756511, -0.312513

-0.708244, 0.427834
-0.0469804, -0.109061
0.755224, -0.318773

-0.717671, 0.427495
-0.0360922, -0.102516
0.753763, -0.324979

-0.72696, 0.427058
-0.0251669, -0.0959295
0.752127, -0.331129

-0.736112, 0.426526
-0.0142012, -0.0893087
0.750313, -0.337218

-0.745129, 0.425904
-0.00319153, -0.0826619
0.74832, -0.343242

-0.754012, 0.425196
0.00786551, -0.075997
0.746146, -0.349199

-0.762763, 0.424406
0.0189734, -0.0693219
0.74379, -0.355084

-0.771385, 0.423537
0.0301357, -0.0626449
0.74125, -0.360892

-0.779879, 0.422594
0.0413558, -0.0559739
0.738523, -0.36662

-0.788247, 0.421579
0.052637, -0.049317
0.73561, -0.372262

-0.796491, 0.420495
0.0639827, -0.0426824
0.732509, -0.377813

-0.804613, 0.419347
0.075396, -0.0360783
0.729217, -0.383269

-0.812616, 0.418136
0.0868801, -0.029513
0.725735, -0.388623

-0.8205, 0.416866
0.0984377, -0.0229947
0.722062, -0.393871

-0.828268, 0.415538
0.110072, -0.016532
0.718196, -0.399007

-0.835921, 0.414157
0.121785, -0.0101332
0.714137, -0.404024

-0.843463, 0.412723
0.133579, -0.00380695
0.709884, -0.408916

-0.850895, 0.411239
0.145456, 0.00243819
0.705439, -0.413678

-0.858218, 0.409708
0.157419, 0.00859352
0.700799, -0.418301

-0.865435, 0.40813
0.169468, 0.0146503
0.695967, -0.422781

-0.872548, 0.406509
0.181605, 0.0205996
0.690942, -0.427109

-0.879558, 0.404845
0.193831, 0.0264327
0.685726, -0.431278

-0.886467, 0.403141
0.206147, 0.0321406
0.68032, -0.435282

-0.893277, 0.401398
0.218552, 0.0377142
0.674725, -0.439112

-0.89999, 0.399617
0.231046, 0.0431446
0.668944, -0.442761

-0.906607, 0.3978
0.243629, 0.0484228
0.662978, -0.446222

-0.91313, 0.395947
0.256299, 0.0535397
0.656831, -0.449487

-0.919561, 0.394061
0.269055, 0.0584864
0.650506, -0.452547

-0.925901, 0.392142
0.281896, 0.0632537
0.644005, -0.455396

-0.932152, 0.390192
0.294818, 0.067833
0.637334, -0.458025

-0.938315, 0.38821
0.307818, 0.0722152
0.630497, -0.460426

-0.944392, 0.386199
0.320893, 0.0763918
0.623499, -0.462591

-0.950384, 0.384159
0.33404, 0.0803542
0.616344, -0.464513

-0.956293, 0.382091
0.347252, 0.084094
0.60904, -0.466185

-0.962119, 0.379995
0.360526, 0.0876031
0.601593, -0.467598

-0.967864, 0.377872
0.373855, 0.0908736
0.594009, -0.468746

-0.973529, 0.375723
0.387234, 0.0938979
0.586296, -0.469621

-0.979116, 0.373549
0.400655, 0.0966687
0.578461, -0.470218

-0.984625, 0.371349
0.414111, 0.0991791
0.570514, -0.470528

-0.990058, 0.369125
0.427595, 0.101423
0.562463, -0.470548

-0.995415, 0.366877
0.441098, 0.103393
0.554318, -0.47027

-1.0007, 0.364604
0.454611, 0.105085
0.546087, -0.46969

-1.00591, 0.362309
0.468126, 0.106494
0.537781, -0.468803

-1.01104, 0.35999
0.481633, 0.107615
0.529411, -0.467605

-1.01611, 0.357649
0.495121, 0.108443
0.520987, -0.466092

-1.0211, 0.355285
0.508581, 0.108977
0.512521, -0.464262

-1.02603, 0.352899
0.522002, 0.109213
0.504023, -0.462112

-1.03088, 0.350491
0.535374, 0.10915
0.495506, -0.45964

-1.03566, 0.348061
0.548684, 0.108785
0.486981, -0.456846

-1.04038, 0.345609
0.561922, 0.10812
0.478459, -0.453729

-1.04503, 0.343136
0.575077, 0.107153
0.469953, -0.45029

-1.04961, 0.340642
0.588138, 0.105887
0.461474, -0.446529

-1.05413, 0.338127
0.601093, 0.104322
0.453034, -0.442449

-1.05858, 0.335591
0.613931, 0.102461
0.444645, -0.438052

-1.06296, 0.333034
0.626641, 0.100308
0.436318, -0.433342

-1.06728, 0.330456
0.639212, 0.0978659
0.428064, -0.428322

-1.07153, 0.327858
0.651634, 0.0951397
0.419894, -0.422998

-1.07572, 0.325239
0.663897, 0.0921347
0.411819, -0.417374

-1.07984, 0.3226
0.67599, 0.0888565
0.403848, -0.411456

-1.0839, 0.31994
0.687904, 0.0853118
0.395993, -0.405252

-1.08789, 0.31726
0.69963, 0.0815075
0.388261, -0.398767

-1.09182, 0.314559
0.71116, 0.077451
0.380662, -0.392011

-1.09569, 0.311839
0.722485, 0.0731505
0.373204, -0.384989

-1.09949, 0.309098
0.733598, 0.0686142
0.365894, -0.377713

-1.10323, 0.306338
0.744492, 0.0638509
0.358739, -0.370189

-1.10691, 0.303557
0.75516, 0.0588697
0.351747, -0.362427

-1.11052, 0.300757
0.765597, 0.0536799
0.344923, -0.354437

-1.11407, 0.297937
0.775797, 0.048291
0.338272, -0.346228

-1.11755, 0.295097
0.785756, 0.0427128
0.331798, -0.33781

-1.12098, 0.292238
0.79547, 0.0369551
0.325507, -0.329193

-1.12434, 0.289359
0.804935, 0.0310278
0.3194, -0.320387

-1.12763, 0.286461
0.814148, 0.0249407
0.313482, -0.311401

-1.13086, 0.283543
0.823107, 0.0187039
0.307753, -0.302247

-1.13403, 0.280607
0.831811, 0.012327
0.302217, -0.292934

-1.13713, 0.277652
0.840257, 0.00582
0.296874, -0.283472

-1.14017, 0.274677
0.848446, -0.00080763
0.291724, -0.27387

-1.14314, 0.271685
0.856377, -0.00754638
0.286768, -0.264138

-1.14606, 0.268673
0.864049, -0.014387
0.282006, -0.254286

-1.1489, 0.265644
0.871465, -0.0213203
0.277436, -0.244323

-1.15168, 0.262596
0.878624, -0.0283376
0.273058, -0.234259

-1.1544, 0.259531
0.885528, -0.0354302
0.26887, -0.224101

-1.15705, 0.256448
0.892179, -0.0425898
0.264869, -0.213858

-1.15963, 0.253348
0.898578, -0.0498083
0.261055, -0.203539

-1.16215, 0.25023
0.904729, -0.0570779
0.257424, -0.193152

-1.16461, 0.247096
0.910633, -0.0643912
0.253973, -0.182704

-1.16699, 0.243945
0.916294, -0.071741
0.2507, -0.172204

-1.16932, 0.240778
0.921715, -0.0791203
0.247601, -0.161657

-1.17157, 0.237595
0.926898, -0.0865226
0.244673, -0.151072

-1.17376, 0.234396
0.931847, -0.0939416
0.241912, -0.140454

-1.17588, 0.231182
0.936566, -0.101371
0.239315, -0.12981

-1.17794, 0.227953
0.941058, -0.108806
0.236878, -0.119147

-1.17992, 0.224709
0.945327, -0.11624
0.234596, -0.108469

-1.18184, 0.221451
0.949377, -0.123669
0.232467, -0.0977822

-1.1837, 0.218179
0.953211, -0.131087
0.230485, -0.0870922

-1.18548, 0.214893
0.956834, -0.13849
0.228647, -0.0764037

-1.1872, 0.211595
0.960249, -0.145873
0.226948, -0.0657213

-1.18885, 0.208284
0.963461, -0.153234
0.225385, -0.0550497

-1.19043, 0.20496
0.966474, -0.160567
0.223953, -0.0443931

-1.19194, 0.201624
0.96929, -0.167869
0.222648, -0.0337553

-1.19338, 0.198277
0.971916, -0.175137
0.221466, -0.0231403

-1.19476, 0.194919
0.974354, -0.182368
0.220404, -0.0125517

-1.19606, 0.191551
0.976608, -0.189558
0.219456, -0.00199272

-1.1973, 0.188172
0.978682, -0.196705
0.218619, 0.00853336

-1.19847, 0.184783
0.98058, -0.203807
0.21789, 0.0190236

-1.19957, 0.181385
0.982307, -0.21086
0.217263, 0.0294751

-1.2006, 0.177978
0.983865, -0.217863
0.216736, 0.0398852

-1.20156, 0.174563
0.985258, -0.224815
0.216305, 0.0502515

-1.20246, 0.17114
0.98649, -0.231712
0.215965, 0.0605716

-1.20328, 0.167709
0.987565, -0.238553
0.215714, 0.0708433

-1.20403, 0.164272
0.988485, -0.245336
0.215548, 0.0810646

-1.20472, 0.160827
0.989255, -0.252061
0.215464, 0.0912335

-1.20533, 0.157377
0.989878, -0.258725
0.215457, 0.101348

-1.20588, 0.153921
0.990356, -0.265328
0.215526, 0.111407

-1.20636, 0.15046
0.990694, -0.271868
0.215666, 0.121409

-1.20677, 0.146994
0.990894, -0.278345
0.215875, 0.131351

-1.20711, 0.143523
0.99096, -0.284757
0.216149, 0.141233

-1.20738, 0.140049
0.990894, -0.291103
0.216486, 0.151054

-1.20758, 0.136571
0.990699, -0.297383
0.216883, 0.160812

-1.20772, 0.13309
0.990378, -0.303597
0.217338, 0.170506

-1.20778, 0.129607
0.989934, -0.309743
0.217846, 0.180136

-1.20778, 0.126121
0.98937, -0.315821
0.218407, 0.189699

-1.2077, 0.122634
0.988687, -0.32183
0.219017, 0.199196

-1.20756, 0.119146
0.987889, -0.327771
0.219674, 0.208625

-1.20735, 0.115656
0.986979, -0.333642
0.220375, 0.217986

-1.20708, 0.112166
0.985957, -0.339444
0.221119, 0.227278

-1.20673, 0.108676
0.984828, -0.345177
0.221903, 0.236501

-1.20632, 0.105186
0.983593, -0.350839
0.222725, 0.245653

-1.20584, 0.101697
0.982253, -0.356431
0.223582, 0.254734

-1.20529, 0.0982087
0.980813, -0.361953
0.224474, 0.263745

-1.20467, 0.094722
0.979272, -0.367405
0.225398, 0.272683

-1.20399, 0.0912371
0.977634, -0.372787
0.226352, 0.281549

-1.20323, 0.0877544
0.975901, -0.378098
0.227334, 0.290343

-1.20242, 0.0842741
0.974073, -0.383338
0.228343, 0.299064

-1.20153, 0.0807967
0.972154, -0.388509
0.229377, 0.307712

-1.20058, 0.0773225
0.970145, -0.393609
0.230434, 0.316287

-1.19956, 0.0738519
0.968047, -0.398639
0.231513, 0.324787

-1.19847, 0.070385
0.965862, -0.403599
0.232612, 0.333214

-1.19732, 0.0669224
0.963592, -0.408489
0.233731, 0.341567

-1.1961, 0.0634642
0.961239, -0.413309
0.234866, 0.349845

-1.19482, 0.0600109
0.958803, -0.41806
0.236018, 0.358049

-1.19347, 0.0565626
0.956287, -0.422741
0.237184, 0.366178

-1.19206, 0.0531197
0.953692, -0.427353
0.238364, 0.374233

-1.19057, 0.0496825
0.951018, -0.431895
0.239556, 0.382213

-1.18903, 0.0462513
0.948268, -0.436369
0.240759, 0.390117

-1.18742, 0.0428262
0.945443, -0.440773
0.241972, 0.397947

-1.18574, 0.0394077
0.942544, -0.44511
0.243195, 0.405702

-1.184, 0.0359959
0.939572, -0.449377
0.244425, 0.413382

-1.18219, 0.0325911
0.936529, -0.453577
0.245661, 0.420986

-1.18032, 0.0291936
0.933414, -0.457709
0.246904, 0.428515

-1.17838, 0.0258035
0.930231, -0.461773
0.248151, 0.43597

-1.17638, 0.0224212
0.926979, -0.46577
0.249403, 0.443349

-1.17432, 0.0190469
0.92366, -0.469699
0.250657, 0.450652

-1.17219, 0.0156808
0.920274, -0.473562
0.251914, 0.457881

-1.16999, 0.012323
0.916823, -0.477358
0.253172, 0.465035

-1.16774, 0.00897389
0.913307, -0.481087
0.254431, 0.472113

-1.16542, 0.00563359
0.909727, -0.48475
0.25569, 0.479116

-1.16303, 0.00230232
0.906085, -0.488347
0.256948, 0.486044

-1.16058, -0.00101972
0.902381, -0.491878
0.258204, 0.492898

-1.15807, -0.00433234
0.898616, -0.495343
0.259458, 0.499676

-1.1555, -0.00763536
0.89479, -0.498743
0.260708, 0.506379

-1.15286, -0.0109286
0.890905, -0.502079
0.261956, 0.513007

-1.15016, -0.0142118
0.886961, -0.505349
0.263199, 0.51956

-1.14739, -0.017485
0.882958, -0.508554
0.264437, 0.526039

-1.14457, -0.0207478
0.878898, -0.511695
0.265669, 0.532443

-1.14168, -0.0240001
0.874781, -0.514772
0.266896, 0.538772

-1.13872, -0.0272418
0.870607, -0.517785
0.268116, 0.545026

-1.13571, -0.0304727
0.866378, -0.520733
0.269329, 0.551206

-1.13263, -0.0336926
0.862094, -0.523619
0.270534, 0.557311

-1.12949, -0.0369015
0.857755, -0.526441
0.271731, 0.563342

-1.12628, -0.0400992
0.853362, -0.529199
0.272919, 0.569298

-1.12301, -0.0432854
0.848915, -0.531895
0.274099, 0.57518

-1.11968, -0.0464602
0.844415, -0.534527
0.275269, 0.580988

-1.11629, -0.0496233
0.839863, -0.537097
0.276429, 0.586721

-1.11284, -0.0527746
0.835258, -0.539605
0.277578, 0.592379

-1.10932, -0.055914
0.830601, -0.54205
0.278716, 0.597964

-1.10574, -0.0590414
0.825893, -0.544433
0.279844, 0.603474

-1.10209, -0.0621567
0.821134, -0.546754
0.280959, 0.608911

-1.09839, -0.0652596
0.816325, -0.549013
0.282063, 0.614273

-1.09462, -0.0683503
0.811465, -0.55121
0.283154, 0.619561

-1.09079, -0.0714284
0.806555, -0.553346
0.284232, 0.624774

-1.08689, -0.0744939
0.801595, -0.55542
0.285297, 0.629914

-1.08293, -0.0775468
0.796586, -0.557433
0.286349, 0.63498

-1.07891, -0.0805868
0.791528, -0.559385
0.287387, 0.639972

-1.07483, -0.083614
0.78642, -0.561275
0.288411, 0.644889

-1.07068, -0.0866281
0.781265, -0.563105
0.28942, 0.649733

-1.06647, -0.0896292
0.77606, -0.564874
0.290414, 0.654503

-1.0622, -0.0926171
0.770808, -0.566581
0.291393, 0.659198

-1.05786, -0.0955917
0.765508, -0.568228
0.292357, 0.66382

-1.05346, -0.0985529
0.760159, -0.569815
0.293305, 0.668368

-1.049, -0.101501
0.754763, -0.571341
0.294237, 0.672841

-1.04447, -0.104435
0.74932, -0.572806
0.295153, 0.677241

-1.03988, -0.107356
0.743828, -0.574211
0.296052, 0.681566

-1.03522, -0.110263
0.73829, -0.575555
0.296934, 0.685818

-1.0305, -0.113156
0.732704, -0.576839
0.297799, 0.689995

-1.02572, -0.116035
0.727071, -0.578062
0.298647, 0.694098

-1.02087, -0.118901
0.721391, -0.579226
0.299477, 0.698127

-1.01595, -0.121753
0.715664, -0.580328
0.300289, 0.702081

-1.01097, -0.12459
0.70989, -0.581371
0.301082, 0.705961

-1.00593, -0.127414
0.704069, -0.582353
0.301858, 0.709767

-1.00081, -0.130223
0.6982, -0.583275
0.302614, 0.713498

-0.995637, -0.133018
0.692285, -0.584137
0.303352, 0.717155

-0.990393, -0.135799
0.686322, -0.584938
0.304071, 0.720737

-0.985082, -0.138566
0.680312, -0.585678
0.30477, 0.724244

-0.979704, -0.141318
0.674255, -0.586358
0.305449, 0.727676

-0.974259, -0.144055
0.66815, -0.586978
0.306109, 0.731033

-0.968746, -0.146779
0.661998, -0.587537
0.306748, 0.734316

-0.963165, -0.149488
0.655798, -0.588035
0.307367, 0.737523

-0.957516, -0.152182
0.64955, -0.588473
0.307965, 0.740655

-0.951798, -0.154861
0.643255, -0.588849
0.308543, 0.743711

-0.94601, -0.157526
0.636911, -0.589165
0.309099, 0.746692

-0.940153, -0.160177
0.630518, -0.58942
0.309634, 0.749597

-0.934225, -0.162813
0.624077, -0.589613
0.310148, 0.752426

-0.928227, -0.165434
0.617587, -0.589745
0.31064, 0.755178

-0.922157, -0.16804
0.611048, -0.589815
0.311109, 0.757855

-0.916016, -0.170631
0.604459, -0.589824
0.311557, 0.760455

-0.909803, -0.173208
0.597821, -0.589771
0.311982, 0.762979

-0.903516, -0.17577
0.591132, -0.589656
0.312385, 0.765426

-0.897156, -0.178317
0.584392, -0.589478
0.312764, 0.767795

-0.890722, -0.180849
0.577602, -0.589238
0.31312, 0.770088

-0.884213, -0.183367
0.57076, -0.588936
0.313453, 0.772302

