-0.059046, -0.469717
-0.0748506, 0.836449
0.133897, -0.366732

-0.0657426, -0.448085
-0.0780101, 0.831361
0.143753, -0.383277

-0.0704532, -0.425777
-0.0811573, 0.826148
0.15161, -0.400371

-0.0731756, -0.403177
-0.0842919, 0.820808
0.157467, -0.417631

-0.0740298, -0.380628
-0.0874138, 0.81534
0.161444, -0.434711

-0.0732151, -0.358393
-0.090523, 0.809741
0.163738, -0.451348

-0.0709646, -0.336648
-0.0936192, 0.80401
0.164584, -0.467362

-0.0675107, -0.315495
-0.0967019, 0.798144
0.164213, -0.482649

-0.0630655, -0.294978
-0.0997709, 0.79214
0.162836, -0.497162

-0.0578124, -0.275102
-0.102826, 0.785994
0.160638, -0.510892

-0.0519053, -0.255848
-0.105865, 0.779705
0.15777, -0.523857

-0.0454708, -0.23718
-0.108889, 0.773267
0.154359, -0.536086

-0.0386126, -0.219059
-0.111895, 0.766676
0.150507, -0.547617

-0.0314148, -0.201439
-0.114883, 0.759929
0.146297, -0.558491

-0.0239462, -0.184274
-0.11785, 0.753021
0.141797, -0.568747

-0.016263, -0.167521
-0.120796, 0.745947
0.137059, -0.578426

-0.00841152, -0.151138
-0.123718, 0.738701
0.13213, -0.587563

-0.000430174, -0.135084
-0.126614, 0.731278
0.127044, -0.596194

0.00764879, -0.119322
-0.12948, 0.723672
0.121832, -0.60435

0.015798, -0.103817
-0.132315, 0.715877
0.116517, -0.61206

0.0239941, -0.0885357
-0.135113, 0.707886
0.111119, -0.619351

0.0322164, -0.0734467
-0.137872, 0.699693
0.105656, -0.626246

0.0404467, -0.0585205
-0.140587, 0.69129
0.10014, -0.632769

0.0486687, -0.0437294
-0.143252, 0.682669
0.0945835, -0.63894

0.056867, -0.0290468
-0.145862, 0.673822
0.0889955, -0.644775

0.0650271, -0.0144473
-0.148411, 0.664741
0.0833841, -0.650294

0.0731353, 9.33969e-05
-0.150891, 0.655416
0.0777557, -0.65551

0.0811777, 0.0145987
-0.153294, 0.645839
0.072116, -0.660438

0.0891403, 0.0290914
-0.15561, 0.635999
0.0664696, -0.66509

0.0970088, 0.0435934
-0.157829, 0.625885
0.0608203, -0.669478

0.104768, 0.0581263
-0.15994, 0.615488
0.0551713, -0.673614

0.112402, 0.072711
-0.161928, 0.604795
0.0495253, -0.677506

0.119894, 0.0873678
-0.163778, 0.593796
0.0438843, -0.681164

0.127224, 0.102117
-0.165474, 0.582479
0.0382502, -0.684596

0.134371, 0.116977
-0.166996, 0.570833
0.0326244, -0.68781

0.141313, 0.131967
-0.168321, 0.558844
0.027008, -0.690812

0.148024, 0.147105
-0.169426, 0.546503
0.0214019, -0.693608

0.154476, 0.162407
-0.170283, 0.533799
0.0158067, -0.696205

0.160636, 0.177887
-0.170859, 0.520721
0.010223, -0.698608

0.166469, 0.193559
-0.17112, 0.507262
0.00465095, -0.700821

0.171935, 0.209432
-0.171026, 0.493416
-0.000909194, -0.702849

0.176991, 0.225514
-0.170534, 0.479181
-0.00645739, -0.704694

0.18159, 0.241804
-0.169596, 0.464557
-0.0119937, -0.706361

0.185679, 0.258299
-0.168161, 0.449554
-0.0175181, -0.707853

0.189203, 0.274988
-0.166172, 0.434183
-0.023031, -0.709171

0.192104, 0.291851
-0.163572, 0.418468
-0.0285324, -0.710319

0.194324, 0.308855
-0.160301, 0.402441
-0.0340225, -0.711296

0.195805, 0.32596
-0.156303, 0.386145
-0.0395017, -0.712106

0.196494, 0.343112
-0.151524, 0.369636
-0.04497, -0.712747

0.196346, 0.360242
-0.145918, 0.35298
-0.0504276, -0.713222

0.195326, 0.377274
-0.139452, 0.336255
-0.0558745, -0.713529

0.193416, 0.394121
-0.132105, 0.319547
-0.0613106, -0.713668

0.190614, 0.410693
-0.123878, 0.302947
-0.0667358, -0.713639

0.18694, 0.426898
-0.11479, 0.286543
-0.0721496, -0.713441

0.18243, 0.442651
-0.104879, 0.270421
-0.0775515, -0.713071

0.177141, 0.457876
-0.0942001, 0.254653
-0.0829405, -0.712529

0.17114, 0.472511
-0.0828239, 0.239301
-0.0883158, -0.711812

0.164505, 0.486512
-0.0708287, 0.224406
-0.0936759, -0.710918

0.157317, 0.499847
-0.0582979, 0.209997
-0.0990191, -0.709844

0.149658, 0.512504
-0.045315, 0.196085
-0.104344, -0.708589

0.141607, 0.524481
-0.0319602, 0.182668
-0.109647, -0.707149

0.133235, 0.535789
-0.0183082, 0.169733
-0.114927, -0.705523

0.124607, 0.546448
-0.00442673, 0.157259
-0.12018, -0.703707

0.11578, 0.556482
0.0096243, 0.145217
-0.125404, -0.701699

0.106803, 0.565919
0.0237925, 0.133578
-0.130595, -0.699497

0.0977175, 0.57479
0.0380325, 0.122309
-0.13575, -0.697099

0.0885585, 0.583127
0.0523058, 0.111376
-0.140864, -0.694503

0.0793547, 0.590959
0.0665794, 0.100747
-0.145934, -0.691707

0.0701299, 0.598318
0.0808253, 0.0903908
-0.150955, -0.688709

0.0609034, 0.605232
0.0950199, 0.0802764
-0.155923, -0.685508

0.0516906, 0.611727
0.109143, 0.0703762
-0.160834, -0.682103

0.042504, 0.61783
0.123178, 0.0606643
-0.165682, -0.678494

0.0333534, 0.623563
0.13711, 0.0511168
-0.170463, -0.67468

0.0242465, 0.628948
0.150926, 0.0417119
-0.175172, -0.67066

0.0151893, 0.634005
0.164616, 0.0324296
-0.179805, -0.666435

0.00618622, 0.638752
0.17817, 0.0232522
-0.184357, -0.662004

-0.00275933, 0.643206
0.191581, 0.0141635
-0.188822, -0.65737

-0.011645, 0.647383
0.204841, 0.0051492
-0.193196, -0.652532

-0.0204691, 0.651296
0.217944, -0.00380359
-0.197475, -0.647492

-0.0292308, 0.654957
0.230884, -0.0127062
-0.201653, -0.642251

-0.0379294, 0.658379
0.243656, -0.0215686
-0.205727, -0.636811

-0.0465649, 0.661573
0.256256, -0.0303995
-0.209691, -0.631173

-0.0551376, 0.664548
0.26868, -0.0392065
-0.213542, -0.625341

-0.0636477, 0.667312
0.280924, -0.0479962
-0.217276, -0.619316

-0.0720962, 0.669874
0.292984, -0.0567742
-0.220888, -0.6131

-0.0804836, 0.672242
0.304858, -0.0655451
-0.224375, -0.606697

-0.0888109, 0.674422
0.316544, -0.0743129
-0.227733, -0.600109

-0.0970792, 0.67642
0.328038, -0.0830807
-0.230959, -0.593339

-0.105289, 0.678241
0.339339, -0.091851
-0.23405, -0.58639

-0.113443, 0.679892
0.350445, -0.100626
-0.237002, -0.579266

-0.12154, 0.681376
0.361353, -0.109406
-0.239813, -0.57197

-0.129583, 0.682698
0.372063, -0.118193
-0.24248, -0.564505

-0.137572, 0.683862
0.382574, -0.126987
-0.245002, -0.556875

-0.145508, 0.68487
0.392883, -0.135788
-0.247375, -0.549082

-0.153393, 0.685727
0.402991, -0.144595
-0.249598, -0.541132

-0.161227, 0.686435
0.412897, -0.153409
-0.25167, -0.533026

-0.169011, 0.686997
0.4226, -0.162227
-0.253588, -0.524769

-0.176747, 0.687414
0.4321, -0.171049
-0.255352, -0.516365

-0.184436, 0.687689
0.441396, -0.179873
-0.256961, -0.507815

-0.192077, 0.687823
0.45049, -0.188698
-0.258413, -0.499125

-0.199672, 0.687819
0.45938, -0.197522
-0.259708, -0.490297

-0.207222, 0.687677
0.468068, -0.206342
-0.260846, -0.481335

-0.214727, 0.687398
0.476554, -0.215156
-0.261827, -0.472242

-0.222188, 0.686984
0.484838, -0.223963
-0.26265, -0.463021

-0.229606, 0.686435
0.492921, -0.232761
-0.263315, -0.453675

-0.236981, 0.685752
0.500805, -0.241545
-0.263824, -0.444206

-0.244313, 0.684934
0.508489, -0.250315
-0.264177, -0.434619

-0.251603, 0.683983
0.515976, -0.259068
-0.264373, -0.424915

-0.258851, 0.682898
0.523267, -0.267801
-0.264416, -0.415097

-0.266058, 0.68168
0.530363, -0.276512
-0.264304, -0.405168

-0.273224, 0.680327
0.537265, -0.285198
-0.264041, -0.395129

-0.280348, 0.678839
0.543975, -0.293856
-0.263627, -0.384983

-0.287431, 0.677216
0.550495, -0.302484
-0.263064, -0.374732

-0.294474, 0.675457
0.556827, -0.31108
-0.262353, -0.364377

-0.301474, 0.673561
0.562972, -0.319641
-0.261497, -0.35392

-0.308433, 0.671528
0.568932, -0.328165
-0.260499, -0.343363

-0.315351, 0.669354
0.57471, -0.336648
-0.259359, -0.332706

-0.322226, 0.667041
0.580307, -0.34509
-0.258082, -0.321951

-0.329058, 0.664585
0.585727, -0.353487
-0.256669, -0.311098

-0.335847, 0.661985
0.59097, -0.361837
-0.255123, -0.300148

-0.342592, 0.659239
0.596039, -0.370139
-0.253447, -0.289101

-0.349291, 0.656346
0.600937, -0.378389
-0.251645, -0.277957

-0.355945, 0.653303
0.605666, -0.386586
-0.249721, -0.266717

-0.362551, 0.650107
0.610228, -0.394727
-0.247676, -0.255379

-0.369109, 0.646756
0.614626, -0.402812
-0.245517, -0.243944

-0.375617, 0.643247
0.618862, -0.410838
-0.243246, -0.23241

-0.382073, 0.639578
0.62294, -0.418803
-0.240867, -0.220775

-0.388475, 0.635745
0.626861, -0.426705
-0.238386, -0.20904

-0.394822, 0.631744
0.630628, -0.434543
-0.235806, -0.197201

-0.401111, 0.627573
0.634244, -0.442316
-0.233134, -0.185258

-0.407339, 0.623228
0.637712, -0.450021
-0.230373, -0.173206

-0.413503, 0.618703
0.641034, -0.457658
-0.227531, -0.161045

-0.4196, 0.613996
0.644212, -0.465225
-0.224612, -0.148771

-0.425627, 0.609102
0.64725, -0.472721
-0.221624, -0.13638

-0.431579, 0.604015
0.650151, -0.480145
-0.218572, -0.12387

-0.437452, 0.598732
0.652916, -0.487496
-0.215464, -0.111236

-0.443241, 0.593246
0.655549, -0.494772
-0.212308, -0.0984736

-0.448942, 0.587552
0.658052, -0.501974
-0.209111, -0.0855785

-0.454546, 0.581645
0.660429, -0.509099
-0.205882, -0.0725458

-0.460049, 0.575518
0.662681, -0.516148
-0.202631, -0.05937

-0.465443, 0.569166
0.664811, -0.52312
-0.199368, -0.0460456

-0.470719, 0.56258
0.666823, -0.530014
-0.196103, -0.0325665

-0.475869, 0.555756
0.668718, -0.53683
-0.192849, -0.0189263

-0.480882, 0.548686
0.670499, -0.543567
-0.189617, -0.00511854

-0.485747, 0.541362
0.672169, -0.550226
-0.186422, 0.00886376

-0.490453, 0.533777
0.673731, -0.556805
-0.183278, 0.0230277

-0.494984, 0.525925
0.675187, -0.563305
-0.180203, 0.0373805

-0.499327, 0.517797
0.676539, -0.569726
-0.177212, 0.0519296

-0.503464, 0.509386
0.67779, -0.576068
-0.174327, 0.0666824

-0.507376, 0.500684
0.678943, -0.58233
-0.171567, 0.081646

-0.511042, 0.491687
0.679999, -0.588514
-0.168956, 0.0968273

-0.51444, 0.482386
0.680961, -0.594619
-0.166521, 0.112233

-0.517544, 0.472777
0.681831, -0.600645
-0.164287, 0.127868

-0.520326, 0.462856
0.682612, -0.606593
-0.162286, 0.143738

-0.522754, 0.45262
0.683305, -0.612464
-0.160551, 0.159844

-0.524795, 0.442068
0.683913, -0.618258
-0.159119, 0.176189

-0.526411, 0.431203
0.684438, -0.623974
-0.158027, 0.192771

-0.527561, 0.420031
0.684881, -0.629615
-0.15732, 0.209584

-0.528204, 0.408561
0.685245, -0.635181
-0.157042, 0.22662

-0.52829, 0.396807
0.685531, -0.640671
-0.157241, 0.243864

-0.527774, 0.384792
0.685741, -0.646088
-0.157968, 0.261296

-0.526603, 0.372543
0.685877, -0.651432
-0.159275, 0.278889

-0.524727, 0.360096
0.68594, -0.656703
-0.161213, 0.296607

-0.522097, 0.347497
0.685931, -0.661902
-0.163834, 0.314405

-0.518667, 0.334801
0.685852, -0.667031
-0.167185, 0.33223

-0.514397, 0.322073
0.685704, -0.672089
-0.171308, 0.350016

-0.509253, 0.309387
0.685489, -0.677078
-0.176235, 0.36769

-0.503216, 0.296826
0.685206, -0.681998
-0.18199, 0.385172

-0.496278, 0.284477
0.684858, -0.686851
-0.188581, 0.402374

-0.488446, 0.27243
0.684445, -0.691636
-0.195999, 0.419206

-0.479746, 0.260775
0.683967, -0.696355
-0.204221, 0.43558

-0.470219, 0.249595
0.683425, -0.701008
-0.213206, 0.451413

-0.459921, 0.238964
0.68282, -0.705595
-0.222899, 0.466631

-0.44892, 0.228946
0.682152, -0.710118
-0.233232, 0.481171

-0.437293, 0.219589
0.681421, -0.714575
-0.244128, 0.494986

-0.425123, 0.210925
0.680628, -0.718968
-0.255505, 0.508044

-0.412493, 0.202972
0.679773, -0.723297
-0.26728, 0.520326

-0.399484, 0.195734
0.678856, -0.727562
-0.279372, 0.531829

-0.386173, 0.189203
0.677877, -0.731763
-0.291705, 0.542561

-0.37263, 0.183361
0.676837, -0.7359
-0.304206, 0.552539

-0.35892, 0.178182
0.675734, -0.739973
-0.316814, 0.56179

-0.345098, 0.173637
0.67457, -0.743981
-0.329472, 0.570344

-0.331211, 0.169689
0.673344, -0.747924
-0.342133, 0.578235

-0.3173, 0.166304
0.672057, -0.751803
-0.354757, 0.585499

-0.303399, 0.163444
0.670707, -0.755617
-0.367308, 0.592172

-0.289536, 0.161072
0.669297, -0.759364
-0.379761, 0.598292

-0.275734, 0.159152
0.667824, -0.763046
-0.39209, 0.603894

-0.26201, 0.15765
0.66629, -0.766661
-0.40428, 0.609011

-0.248379, 0.156533
0.664695, -0.77021
-0.416315, 0.613677

-0.234852, 0.155769
0.663038, -0.77369
-0.428185, 0.617921

-0.221438, 0.15533
0.661319, -0.777102
-0.439882, 0.621773

-0.208141, 0.155188
0.65954, -0.780446
-0.451399, 0.625258

-0.194967, 0.155318
0.657699, -0.78372
-0.462732, 0.628402

-0.181918, 0.155696
0.655798, -0.786923
-0.47388, 0.631227

-0.168994, 0.156301
0.653836, -0.790056
-0.484841, 0.633755

-0.156198, 0.157113
0.651813, -0.793118
-0.495615, 0.636005

-0.143528, 0.158113
0.64973, -0.796107
-0.506202, 0.637995

-0.130983, 0.159283
0.647587, -0.799024
-0.516604, 0.639741

-0.118561, 0.160607
0.645384, -0.801867
-0.526823, 0.641259

-0.106261, 0.162072
0.643122, -0.804635
-0.536861, 0.642563

-0.0940807, 0.163662
0.640801, -0.807329
-0.54672, 0.643666

-0.082017, 0.165366
0.638421, -0.809946
-0.556404, 0.64458

-0.0700677, 0.167172
0.635983, -0.812488
-0.565915, 0.645316

-0.05823, 0.169068
0.633486, -0.814952
-0.575256, 0.645884

-0.0465011, 0.171044
0.630933, -0.817338
-0.584432, 0.646293

-0.0348783, 0.173092
0.628322, -0.819645
-0.593444, 0.646553

-0.0233588, 0.175202
0.625655, -0.821873
-0.602296, 0.646671

-0.0119399, 0.177366
0.622932, -0.82402
-0.610992, 0.646654

-0.000618814, 0.179576
0.620153, -0.826087
-0.619534, 0.646511

0.0106071, 0.181826
0.617319, -0.828072
-0.627926, 0.646246

0.0217403, 0.184108
0.614431, -0.829975
-0.636171, 0.645867

0.0327835, 0.186417
0.611489, -0.831795
-0.644272, 0.645378

0.0437389, 0.188746
0.608493, -0.833532
-0.652232, 0.644785

0.054609, 0.19109
0.605445, -0.835184
-0.660054, 0.644093

0.065396, 0.193444
0.602345, -0.836751
-0.667741, 0.643306

0.076102, 0.195803
0.599194, -0.838232
-0.675296, 0.642429

0.0867291, 0.198163
0.595992, -0.839627
-0.682721, 0.641465

0.0972793, 0.200518
0.59274, -0.840935
-0.690019, 0.640417

0.107754, 0.202866
0.589438, -0.842156
-0.697193, 0.63929

0.118156, 0.205201
0.586088, -0.843288
-0.704245, 0.638087

0.128487, 0.207522
0.58269, -0.844332
-0.711177, 0.63681

0.138747, 0.209824
0.579245, -0.845286
-0.717993, 0.635462

0.148939, 0.212103
0.575753, -0.84615
-0.724693, 0.634047

0.159065, 0.214358
0.572216, -0.846924
-0.731281, 0.632566

0.169124, 0.216585
0.568634, -0.847606
-0.737758, 0.631021

0.179119, 0.218781
0.565007, -0.848197
-0.744127, 0.629416

0.189052, 0.220944
0.561337, -0.848695
-0.750389, 0.627751

0.198922, 0.223071
0.557624, -0.849101
-0.756546, 0.62603

0.208731, 0.22516
0.55387, -0.849413
-0.762601, 0.624253

0.218481, 0.227209
0.550074, -0.849632
-0.768555, 0.622422

0.228172, 0.229216
0.546238, -0.849756
-0.77441, 0.62054

0.237804, 0.231178
0.542363, -0.849785
-0.780167, 0.618607

0.247379, 0.233093
0.538449, -0.849719
-0.785828, 0.616625

0.256898, 0.234961
0.534497, -0.849557
-0.791395, 0.614596

0.266361, 0.236779
0.530508, -0.849299
-0.796869, 0.61252

0.275769, 0.238545
0.526483, -0.848944
-0.802252, 0.610399

0.285122, 0.240258
0.522423, -0.848492
-0.807545, 0.608234

0.294421, 0.241916
0.518328, -0.847942
-0.812749, 0.606026

0.303666, 0.243518
0.5142, -0.847294
-0.817866, 0.603776

0.312858, 0.245063
0.510039, -0.846547
-0.822896, 0.601485

0.321997, 0.246548
0.505846, -0.845702
-0.827842, 0.599154

0.331083, 0.247974
0.501622, -0.844757
-0.832705, 0.596783

0.340117, 0.249338
0.497367, -0.843713
-0.837484, 0.594374

0.349099, 0.25064
0.493083, -0.842568
-0.842183, 0.591928

0.35803, 0.251878
0.488771, -0.841322
-0.846801, 0.589444

0.366908, 0.253052
0.484431, -0.839976
-0.85134, 0.586924

0.375735, 0.25416
0.480065, -0.838528
-0.8558, 0.584368

0.384511, 0.255201
0.475672, -0.836978
-0.860183, 0.581778

0.393235, 0.256174
0.471255, -0.835327
-0.86449, 0.579152

0.401907, 0.257079
0.466814, -0.833572
-0.868721, 0.576493

0.410528, 0.257915
0.462349, -0.831715
-0.872877, 0.573801

0.419097, 0.25868
0.457862, -0.829755
-0.876959, 0.571075

0.427615, 0.259374
0.453353, -0.827691
-0.880968, 0.568317

0.436081, 0.259997
0.448824, -0.825523
-0.884905, 0.565527

0.444494, 0.260546
0.444276, -0.823251
-0.88877, 0.562705

0.452856, 0.261023
0.439709, -0.820874
-0.892565, 0.559851

0.461165, 0.261425
0.435123, -0.818393
-0.896289, 0.556967

0.469422, 0.261753
0.430521, -0.815806
-0.899943, 0.554052

0.477625, 0.262006
0.425903, -0.813113
-0.903528, 0.551107

0.485775, 0.262182
0.42127, -0.810314
-0.907046, 0.548132

0.493872, 0.262282
0.416623, -0.80741
-0.910495, 0.545127

0.501914, 0.262305
0.411962, -0.804398
-0.913877, 0.542093

0.509902, 0.262251
0.407289, -0.80128
-0.917192, 0.539029

0.517836, 0.262118
0.402605, -0.798054
-0.920441, 0.535936

0.525714, 0.261906
0.39791, -0.794721
-0.923624, 0.532815

0.533536, 0.261615
0.393206, -0.79128
-0.926742, 0.529665

0.541301, 0.261245
0.388493, -0.787731
-0.929795, 0.526486

0.54901, 0.260794
0.383773, -0.784073
-0.932783, 0.523279

0.556662, 0.260263
0.379046, -0.780307
-0.935708, 0.520044

0.564255, 0.259651
0.374313, -0.776432
-0.938568, 0.516781

0.57179, 0.258958
0.369576, -0.772447
-0.941366, 0.51349

0.579265, 0.258183
0.364835, -0.768353
-0.9441, 0.510171

0.586681, 0.257325
0.360091, -0.764149
-0.946771, 0.506824

0.594035, 0.256385
0.355345, -0.759835
-0.94938, 0.50345

0.601329, 0.255362
0.350598, -0.75541
-0.951927, 0.500048

0.60856, 0.254256
0.345852, -0.750875
-0.954412, 0.496618

0.615728, 0.253067
0.341107, -0.746228
-0.956835, 0.493162

0.622833, 0.251793
0.336364, -0.741471
-0.959197, 0.489677

0.629873, 0.250436
0.331624, -0.736602
-0.961497, 0.486166

0.636847, 0.248994
0.326889, -0.731621
-0.963736, 0.482627

0.643756, 0.247468
0.322158, -0.726528
-0.965914, 0.479061

0.650597, 0.245856
0.317435, -0.721323
-0.968031, 0.475467

0.657369, 0.24416
0.312718, -0.716006
-0.970088, 0.471846

0.664073, 0.242378
0.30801, -0.710576
-0.972084, 0.468198

0.670707, 0.240511
0.303312, -0.705033
-0.974019, 0.464522

0.677269, 0.238558
0.298624, -0.699377
-0.975893, 0.460819

0.683759, 0.236519
0.293948, -0.693608
-0.977707, 0.457088

0.690176, 0.234394
0.289285, -0.687725
-0.979461, 0.45333

0.696519, 0.232184
0.284635, -0.681728
-0.981154, 0.449545

0.702786, 0.229886
0.280001, -0.675618
-0.982787, 0.445732

0.708976, 0.227503
0.275383, -0.669394
-0.984359, 0.441891

0.715088, 0.225033
0.270782, -0.663055
-0.98587, 0.438022

0.721122, 0.222477
0.266199, -0.656602
-0.987321, 0.434125

0.727075, 0.219834
0.261636, -0.650035
-0.988711, 0.430201

0.732946, 0.217105
0.257094, -0.643353
-0.990039, 0.426249

0.738734, 0.214289
0.252574, -0.636557
-0.991307, 0.422268

0.744438, 0.211386
0.248076, -0.629646
-0.992514, 0.418259

0.750056, 0.208398
0.243604, -0.62262
-0.993659, 0.414222

0.755586, 0.205323
0.239156, -0.615479
-0.994743, 0.410157

0.761029, 0.202161
0.234736, -0.608224
-0.995764, 0.406063

0.766381, 0.198914
0.230343, -0.600853
-0.996724, 0.40194

0.771641, 0.19558
0.22598, -0.593368
-0.997621, 0.397788

0.776809, 0.192161
0.221647, -0.585768
-0.998456, 0.393607

0.781881, 0.188656
0.217346, -0.578054
-0.999227, 0.389398

0.786858, 0.185066
0.213078, -0.570224
-0.999936, 0.385159

0.791736, 0.18139
0.208844, -0.562281
-1.00058, 0.38089

0.796515, 0.17763
0.204646, -0.554223
-1.00116, 0.376592

0.801192, 0.173786
0.200484, -0.546051
-1.00168, 0.372265

0.805766, 0.169857
0.196361, -0.537765
-1.00213, 0.367907

0.810236, 0.165845
0.192278, -0.529365
-1.00251, 0.36352

0.814598, 0.16175
0.188235, -0.520852
-1.00283, 0.359102

0.818853, 0.157572
0.184234, -0.512226
-1.00309, 0.354654

0.822996, 0.153312
0.180276, -0.503488
-1.00327, 0.350176

0.827028, 0.148971
0.176364, -0.494638
-1.00339, 0.345667

0.830945, 0.144549
0.172497, -0.485676
-1.00344, 0.341127

0.834746, 0.140047
0.168678, -0.476603
-1.00342, 0.336556

0.838429, 0.135465
0.164907, -0.467419
-1.00334, 0.331954

0.841992, 0.130805
0.161187, -0.458126
-1.00318, 0.327321

0.845432, 0.126067
0.157517, -0.448723
-1.00295, 0.322656

0.848749, 0.121253
0.153901, -0.439212
-1.00265, 0.31796

0.851939, 0.116362
0.150338, -0.429594
-1.00228, 0.313232

0.855, 0.111397
0.14683, -0.419869
-1.00183, 0.308472

0.857931, 0.106359
0.143379, -0.410039
-1.00131, 0.30368

0.860729, 0.101248
0.139985, -0.400104
-1.00071, 0.298856

0.863392, 0.0960663
0.136651, -0.390066
-1.00004, 0.294

0.865919, 0.0908147
0.133376, -0.379926
-0.999295, 0.289112

0.868306, 0.0854948
0.130163, -0.369686
-0.998468, 0.284191

0.870551, 0.0801082
0.127011, -0.359346
-0.997563, 0.279238

0.872653, 0.0746563
0.123924, -0.348908
-0.996577, 0.274252

0.87461, 0.0691409
0.1209, -0.338374
-0.99551, 0.269234

0.876418, 0.0635637
0.117943, -0.327746
-0.994361, 0.264183

0.878076, 0.0579266
0.115051, -0.317026
-0.993127, 0.259099

0.879582, 0.0522314
0.112227, -0.306214
-0.991809, 0.253983

0.880934, 0.0464803
0.109471, -0.295315
-0.990405, 0.248834

0.882129, 0.0406754
0.106784, -0.284328
-0.988913, 0.243653

0.883166, 0.0348188
0.104166, -0.273258
-0.987332, 0.23844

0.884042, 0.0289128
0.101619, -0.262106
-0.985661, 0.233194

0.884755, 0.0229599
0.0991426, -0.250876
-0.983898, 0.227916

0.885304, 0.0169625
0.0967372, -0.239568
-0.982041, 0.222606

0.885686, 0.0109233
0.0944034, -0.228188
-0.98009, 0.217264

0.8859, 0.00484479
0.0921414, -0.216736
-0.978042, 0.211891

0.885944, -0.00127014
0.0899513, -0.205217
-0.975896, 0.206487

0.885817, -0.00741866
0.0878333, -0.193634
-0.97365, 0.201052

0.885516, -0.0135979
0.0857873, -0.181989
-0.971303, 0.195587

0.885039, -0.0198047
0.083813, -0.170287
-0.968852, 0.190092

0.884387, -0.0260361
0.0819101, -0.158532
-0.966297, 0.184568

0.883557, -0.0322888
0.0800783, -0.146725
-0.963635, 0.179014

0.882547, -0.0385597
0.0783169, -0.134873
-0.960864, 0.173433

0.881358, -0.0448453
0.0766253, -0.122978
-0.957983, 0.167824

0.879987, -0.0511424
0.0750026, -0.111045
-0.954989, 0.162188

0.878434, -0.0574475
0.0734478, -0.0990784
-0.951882, 0.156526

0.876698, -0.0637572
0.0719598, -0.0870819
-0.948658, 0.150839

0.874778, -0.0700678
0.0705374, -0.0750602
-0.945316, 0.145128

0.872675, -0.0763759
0.0691791, -0.063018
-0.941854, 0.139394

0.870386, -0.0826779
0.0678834, -0.0509598
-0.93827, 0.133638

0.867913, -0.0889702
0.0666486, -0.0388906
-0.934562, 0.127861

0.865255, -0.0952492
0.0654729, -0.0268151
-0.930728, 0.122064

0.862412, -0.101511
0.0643544, -0.0147382
-0.926766, 0.11625

0.859384, -0.107753
0.063291, -0.00266501
-0.922675, 0.110418

0.856172, -0.11397
0.0622804, 0.00939946
-0.918452, 0.104571

0.852775, -0.12016
0.0613204, 0.0214501
-0.914096, 0.0987103

0.849195, -0.126319
0.0604086, 0.0334817
-0.909604, 0.0928375

0.845432, -0.132443
0.0595424, 0.0454891
-0.904974, 0.0869542

0.841487, -0.13853
0.0587192, 0.0574672
-0.900206, 0.0810624

0.837361, -0.144574
0.0579363, 0.0694106
-0.895297, 0.0751638

0.833054, -0.150575
0.057191, 0.0813141
-0.890245, 0.0692605

0.828569, -0.156527
0.0564805, 0.0931726
-0.885049, 0.0633544

0.823905, -0.162428
0.0558018, 0.104981
-0.879707, 0.0574475

0.819066, -0.168276
0.055152, 0.116733
-0.874218, 0.0515421

0.814051, -0.174066
0.0545283, 0.128425
-0.86858, 0.0456404

0.808864, -0.179796
0.0539276, 0.140052
-0.862791, 0.0397446

0.803504, -0.185464
0.0533469, 0.151607
-0.856851, 0.033857

0.797974, -0.191067
0.0527834, 0.163087
-0.850757, 0.0279799

0.792275, -0.196601
0.0522341, 0.174486
-0.844509, 0.0221158

0.78641, -0.202066
0.0516961, 0.185799
-0.838106, 0.0162671

0.78038, -0.207458
0.0511664, 0.197022
-0.831546, 0.0104362

0.774186, -0.212775
0.0506424, 0.208149
-0.824829, 0.00462569

0.767831, -0.218015
0.0501211, 0.219177
-0.817952, -0.00116197

0.761317, -0.223176
0.0495999, 0.2301
-0.810917, -0.00692425

0.754645, -0.228257
0.0490761, 0.240915
-0.803721, -0.0126586

0.747816, -0.233254
0.0485472, 0.251617
-0.796364, -0.0183625

0.740834, -0.238168
0.0480108, 0.262201
-0.788845, -0.0240334

0.733699, -0.242995
0.0474644, 0.272664
-0.781163, -0.0296687

0.726413, -0.247735
0.0469057, 0.283001
-0.773319, -0.0352659

0.718978, -0.252386
0.0463327, 0.293208
-0.76531, -0.0408225

0.711395, -0.256946
0.0457431, 0.303282
-0.757138, -0.046336

0.703667, -0.261415
0.045135, 0.313219
-0.748802, -0.0518038

0.695793, -0.265792
0.0445066, 0.323015
-0.7403, -0.0572236

0.687777, -0.270074
0.043856, 0.332667
-0.731633, -0.0625929

0.679618, -0.274262
0.0431818, 0.342171
-0.7228, -0.0679092

0.671319, -0.278354
0.0424822, 0.351524
-0.713802, -0.0731703

0.662881, -0.282349
0.0417559, 0.360723
-0.704636, -0.0783738

0.654303, -0.286247
0.0410016, 0.369764
-0.695305, -0.0835174

0.645588, -0.290045
0.0402181, 0.378644
-0.685806, -0.0885988

0.636736, -0.293745
0.0394043, 0.387361
-0.67614, -0.0936159

0.627747, -0.297344
0.0385591, 0.395911
-0.666306, -0.0985665

0.618623, -0.300843
0.0376817, 0.404291
-0.656304, -0.103448

0.609362, -0.304239
0.0367714, 0.412499
-0.646134, -0.10826

0.599967, -0.307534
0.0358275, 0.420532
-0.635795, -0.112998

0.590436, -0.310725
0.0348493, 0.428387
-0.625286, -0.117662

0.58077, -0.313812
0.0338364, 0.436062
-0.614606, -0.12225

0.570968, -0.316795
0.0327884, 0.443554
-0.603757, -0.126759

0.56103, -0.319672
0.031705, 0.450861
-0.592735, -0.131188

0.550955, -0.322444
0.030586, 0.457979
-0.581541, -0.135536

0.540741, -0.325108
0.0294314, 0.464908
-0.570173, -0.1398

0.530389, -0.327665
0.028241, 0.471644
-0.55863, -0.143979

0.519896, -0.330113
0.0270149, 0.478184
-0.546911, -0.148071

0.509261, -0.332451
0.0257532, 0.484527
-0.535014, -0.152076

0.498482, -0.334679
0.0244563, 0.490671
-0.522938, -0.155992

0.487556, -0.336795
0.0231243, 0.496612
-0.51068, -0.159817

0.47648, -0.338798
0.0217576, 0.502349
-0.498238, -0.163551

0.465253, -0.340687
0.0203567, 0.50788
-0.48561, -0.167193

0.453869, -0.34246
0.0189222, 0.513201
-0.472792, -0.170741

0.442326, -0.344116
0.0174546, 0.518311
-0.459781, -0.174196

0.430618, -0.345652
0.0159545, 0.523208
-0.446573, -0.177556

0.418741, -0.347068
0.0144228, 0.527889
-0.433164, -0.180821

0.406688, -0.348361
0.0128603, 0.532352
-0.419548, -0.183991

0.394453, -0.349528
0.0112677, 0.536595
-0.405721, -0.187067

0.382029, -0.350567
0.00964624, 0.540615
-0.391675, -0.190048

0.369406, -0.351474
0.0079968, 0.54441
-0.377403, -0.192936

0.356575, -0.352246
0.00632052, 0.547977
-0.362896, -0.195731

0.343526, -0.35288
0.0046186, 0.551315
-0.348144, -0.198435

0.330244, -0.353369
0.00289232, 0.554421
-0.333136, -0.201052

0.316716, -0.353709
0.00114301, 0.557292
-0.317859, -0.203582

0.302923, -0.353894
-0.000627881, 0.559925
-0.302295, -0.206032

0.288846, -0.353914
-0.00241885, 0.562319
-0.286428, -0.208405

0.274462, -0.353762
-0.00422829, 0.564471
-0.270233, -0.210709

0.25974, -0.353427
-0.00605451, 0.566378
-0.253686, -0.212952

0.244648, -0.352893
-0.00789574, 0.568038
-0.236752, -0.215146

0.229144, -0.352143
-0.0097501, 0.569448
-0.219394, -0.217305

0.213175, -0.351156
-0.0116156, 0.570605
-0.201559, -0.21945

0.196677, -0.349901
-0.0134902, 0.571508
-0.183186, -0.221607

0.179564, -0.348337
-0.0153717, 0.572152
-0.164192, -0.223815

0.161724, -0.346409
-0.0172578, 0.572536
-0.144467, -0.226127

0.143003, -0.34403
-0.0191462, 0.572657
-0.123857, -0.228627

0.123176, -0.341069
-0.0210343, 0.572512
-0.102142, -0.231444

0.101898, -0.337295
-0.0229196, 0.5721
-0.0789787, -0.234805

0.0785914, -0.332262
-0.0247993, 0.571417
-0.0537921, -0.239155

0.0536161, -0.325946
-0.0266707, 0.570463
-0.0269454, -0.244517

0.0276227, -0.318489
-0.0285311, 0.569235
0.000908412, -0.250746

0.00128745, -0.31006
-0.0303783, 0.567733
0.0290908, -0.257673

-0.024705, -0.300845
-0.0322102, 0.565955
0.0569152, -0.26511

-0.0496783, -0.291051
-0.0340258, 0.563902
0.0837041, -0.27285

-0.0729818, -0.280893
-0.0358243, 0.561573
0.108806, -0.28068

-0.0940068, -0.270592
-0.0376059, 0.558969
0.131613, -0.288378

-0.113076, -0.260299
-0.0393711, 0.55609
0.152447, -0.29579

-0.13075, -0.250043
-0.0411208, 0.552934
0.171871, -0.30289

-0.147363, -0.239818
-0.0428564, 0.549501
0.19022, -0.309683

-0.163132, -0.229606
-0.0445798, 0.54579
0.207712, -0.316184

-0.178205, -0.21939
-0.0462928, 0.541799
0.224498, -0.322409

-0.192688, -0.209153
-0.0479981, 0.537527
0.240686, -0.328374

-0.206661, -0.198877
-0.0496982, 0.532972
0.25636, -0.334094

-0.220185, -0.188548
-0.0513964, 0.52813
0.271581, -0.339582

-0.233304, -0.178149
-0.0530963, 0.523
0.286401, -0.34485

-0.246057, -0.167669
-0.0548016, 0.517577
0.300859, -0.349908

-0.258471, -0.157093
-0.0565169, 0.511859
0.314988, -0.354766

-0.270569, -0.14641
-0.0582471, 0.505841
0.328816, -0.359431

-0.282368, -0.135607
-0.0599976, 0.49952
0.342366, -0.363913

-0.293882, -0.124674
-0.0617746, 0.49289
0.355656, -0.368217

-0.30512, -0.113598
-0.0635847, 0.485947
0.368705, -0.372349

-0.31609, -0.102369
-0.0654356, 0.478686
0.381526, -0.376316

-0.326796, -0.0909765
-0.0673356, 0.4711
0.394131, -0.380123

-0.337238, -0.0794084
-0.0692942, 0.463183
0.406532, -0.383774

-0.347415, -0.067654
-0.0713217, 0.454929
0.418737, -0.387275

-0.357326, -0.0557024
-0.07343, 0.446331
0.430756, -0.390628

-0.366962, -0.0435424
-0.0756323, 0.437381
0.442595, -0.393838

-0.376317, -0.031163
-0.0779433, 0.428072
0.454261, -0.396909

-0.385379, -0.0185529
-0.0803797, 0.418397
0.465759, -0.399844

-0.394135, -0.00570098
-0.0829603, 0.408347
0.477095, -0.402646

-0.402567, 0.00740366
-0.0857063, 0.397914
0.488274, -0.405318

-0.410657, 0.0207718
-0.0886419, 0.387091
0.499298, -0.407863

-0.418379, 0.0344134
-0.0917942, 0.37587
0.510173, -0.410283

-0.425706, 0.0483381
-0.095194, 0.364244
0.5209, -0.412582

-0.432607, 0.0625538
-0.0988765, 0.352207
0.531483, -0.414761

-0.439043, 0.0770668
-0.102881, 0.339757
0.541924, -0.416824

-0.444972, 0.0918809
-0.107253, 0.326892
0.552226, -0.418772

-0.450346, 0.106996
-0.112043, 0.313613
0.56239, -0.420609

-0.455109, 0.122407
-0.117309, 0.299929
0.572417, -0.422336

-0.459198, 0.138104
-0.123112, 0.285852
0.58231, -0.423956

-0.462545, 0.154065
-0.129525, 0.271406
0.59207, -0.425471

-0.465075, 0.170259
-0.136623, 0.256625
0.601698, -0.426884

-0.466709, 0.186641
-0.144486, 0.241556
0.611195, -0.428197

-0.467363, 0.203148
-0.153199, 0.226265
0.620562, -0.429413

-0.466958, 0.219697
-0.162843, 0.210837
0.6298, -0.430534

-0.465419, 0.236184
-0.173492, 0.19538
0.638911, -0.431564

-0.46269, 0.25248
-0.185205, 0.180024
0.647895, -0.432504

-0.458734, 0.268438
-0.19802, 0.16492
0.656754, -0.433358

-0.453549, 0.283896
-0.21194, 0.150232
0.665489, -0.434129

-0.447168, 0.298689
-0.226933, 0.13613
0.674101, -0.434819

-0.439667, 0.312659
-0.242926, 0.122773
0.682593, -0.435432

-0.431157, 0.32567
-0.259808, 0.1103
0.690965, -0.43597

-0.421781, 0.337616
-0.27744, 0.0988195
0.69922, -0.436436

-0.411696, 0.348434
-0.295665, 0.0883992
0.707361, -0.436833

-0.401064, 0.358094
-0.314324, 0.079069
0.715388, -0.437163

-0.390042, 0.366604
-0.333263, 0.0708234
0.723305, -0.437428

-0.378768, 0.374001
-0.352345, 0.063629
0.731113, -0.43763

-0.367365, 0.38034
-0.37145, 0.0574321
0.738815, -0.437772

-0.355931, 0.385689
-0.390481, 0.0521664
0.746412, -0.437855

-0.344547, 0.390121
-0.409361, 0.0477595
0.753907, -0.437881

-0.333273, 0.393712
-0.428029, 0.0441377
0.761302, -0.43785

-0.322157, 0.396536
-0.446442, 0.0412289
0.768599, -0.437765

-0.311232, 0.398661
-0.464567, 0.0389647
0.775799, -0.437626

-0.300521, 0.400152
-0.482383, 0.0372819
0.782904, -0.437434

-0.29004, 0.401068
-0.499875, 0.0361225
0.789915, -0.43719

-0.279797, 0.401461
-0.517037, 0.035434
0.796835, -0.436895

-0.269799, 0.401381
-0.533864, 0.0351692
0.803663, -0.43655

-0.260045, 0.40087
-0.550358, 0.0352858
0.810403, -0.436155

-0.250533, 0.399966
-0.566521, 0.035746
0.817054, -0.435712

-0.241261, 0.398703
-0.582357, 0.0365159
0.823618, -0.435219

-0.232222, 0.397113
-0.597874, 0.0375655
0.830096, -0.434678

-0.223411, 0.395222
-0.613077, 0.0388678
0.836488, -0.43409

-0.214822, 0.393055
-0.627975, 0.0403988
0.842797, -0.433454

-0.206446, 0.390634
-0.642575, 0.042137
0.849021, -0.432771

-0.198277, 0.387978
-0.656886, 0.0440631
0.855163, -0.432041

-0.190308, 0.385106
-0.670915, 0.0461599
0.861223, -0.431265

-0.18253, 0.382032
-0.684671, 0.0484117
0.867201, -0.430443

-0.174936, 0.378771
-0.698161, 0.0508046
0.873097, -0.429575

-0.16752, 0.375335
-0.711394, 0.053326
0.878914, -0.428661

-0.160273, 0.371738
-0.724377, 0.0559643
0.88465, -0.427702

-0.153189, 0.367988
-0.737117, 0.0587094
0.890306, -0.426698

-0.146261, 0.364096
-0.749621, 0.0615517
0.895883, -0.425648

-0.139483, 0.36007
-0.761897, 0.0644828
0.90138, -0.424553

-0.132848, 0.355919
-0.77395, 0.0674949
0.906799, -0.423414

-0.126351, 0.351649
-0.785788, 0.0705808
0.912139, -0.42223

-0.119984, 0.347267
-0.797416, 0.0737342
0.9174, -0.421001

-0.113743, 0.342779
-0.80884, 0.076949
0.922583, -0.419728

-0.107622, 0.338191
-0.820065, 0.0802197
0.927688, -0.418411

-0.101616, 0.333507
-0.831098, 0.0835415
0.932714, -0.417049

-0.0957192, 0.328734
-0.841943, 0.0869097
0.937663, -0.415643

-0.089927, 0.323874
-0.852606, 0.09032
0.942533, -0.414194

-0.0842346, 0.318932
-0.86309, 0.0937685
0.947325, -0.4127

-0.0786373, 0.313911
-0.873401, 0.0972517
0.952038, -0.411163

-0.0731307, 0.308816
-0.883543, 0.100766
0.956674, -0.409582

-0.0677105, 0.303648
-0.89352, 0.104309
0.961231, -0.407957

-0.0623724, 0.298412
-0.903337, 0.107877
0.965709, -0.406289

-0.0571123, 0.29311
-0.912996, 0.111467
0.970109, -0.404577

-0.0519264, 0.287744
-0.922503, 0.115078
0.974429, -0.402822

-0.0468108, 0.282317
-0.93186, 0.118707
0.978671, -0.401024

-0.0417618, 0.276831
-0.941071, 0.122352
0.982833, -0.399182

-0.0367758, 0.271288
-0.95014, 0.12601
0.986915, -0.397298

-0.0318492, 0.26569
-0.959069, 0.12968
0.990918, -0.39537

-0.0269787, 0.260039
-0.967861, 0.13336
0.99484, -0.393399

-0.0221608, 0.254337
-0.976521, 0.137049
0.998681, -0.391386

-0.0173924, 0.248585
-0.985049, 0.140745
1.00244, -0.38933

-0.0126702, 0.242784
-0.993451, 0.144446
1.00612, -0.38723

-0.00799115, 0.236937
-1.00173, 0.148152
1.00972, -0.385089

-0.00335219, 0.231044
-1.00988, 0.15186
1.01323, -0.382904

0.00124967, 0.225107
-1.01791, 0.155571
1.01666, -0.380677

0.00581734, 0.219126
-1.02583, 0.159282
1.02001, -0.378408

0.0103537, 0.213103
-1.03363, 0.162993
1.02328, -0.376097

0.0148616, 0.20704
-1.04132, 0.166703
1.02646, -0.373743

0.0193438, 0.200936
-1.0489, 0.170411
1.02956, -0.371347

0.023803, 0.194793
-1.05637, 0.174115
1.03257, -0.368909

0.0282419, 0.188613
-1.06373, 0.177816
1.03549, -0.366429

0.0326631, 0.182394
-1.07099, 0.181513
1.03833, -0.363907

0.0370694, 0.17614
-1.07815, 0.185204
1.04108, -0.361344

0.0414632, 0.169849
-1.0852, 0.188889
1.04374, -0.358739

0.0458472, 0.163524
-1.09216, 0.192568
1.04631, -0.356092

0.0502239, 0.157164
-1.09902, 0.19624
1.04879, -0.353404

0.0545958, 0.150771
-1.10578, 0.199904
1.05119, -0.350675

0.0589654, 0.144344
-1.11245, 0.203561
1.05349, -0.347905

0.0633351, 0.137886
-1.11903, 0.207208
1.0557, -0.345094

0.0677075, 0.131395
-1.12552, 0.210846
1.05781, -0.342242

0.0720851, 0.124874
-1.13192, 0.214475
1.05983, -0.339349

0.0764702, 0.118322
-1.13823, 0.218094
1.06176, -0.336416

0.0808653, 0.111739
-1.14446, 0.221703
1.06359, -0.333442

0.0852729, 0.105127
-1.1506, 0.225301
1.06533, -0.330429

0.0896953, 0.0984865
-1.15666, 0.228889
1.06696, -0.327375

0.0941351, 0.0918171
-1.16263, 0.232465
1.0685, -0.324282

0.0985947, 0.0851197
-1.16853, 0.236029
1.06994, -0.321149

0.103077, 0.0783947
-1.17435, 0.239582
1.07127, -0.317976

0.107583, 0.0716426
-1.18009, 0.243122
1.0725, -0.314765

0.112117, 0.064864
-1.18575, 0.246651
1.07363, -0.311515

0.11668, 0.0580592
-1.19134, 0.250167
1.07466, -0.308226

0.121276, 0.0512289
-1.19685, 0.25367
1.07557, -0.304898

0.125906, 0.0443733
-1.20229, 0.25716
1.07638, -0.301533

0.130574, 0.0374931
-1.20765, 0.260637
1.07708, -0.29813

0.135281, 0.0305886
-1.21295, 0.264101
1.07767, -0.29469

0.140031, 0.0236605
-1.21817, 0.267551
1.07814, -0.291212

0.144826, 0.0167091
-1.22333, 0.270988
1.0785, -0.287698

0.149669, 0.00973506
-1.22842, 0.274412
1.07875, -0.284147

0.154562, 0.00273881
-1.23344, 0.277821
1.07888, -0.28056

0.159509, -0.00427909
-1.23839, 0.281217
1.07889, -0.276938

0.164512, -0.0113181
-1.24328, 0.284599
1.07877, -0.273281

0.169574, -0.0183776
-1.24811, 0.287967
1.07854, -0.269589

0.174698, -0.025457
-1.25287, 0.291321
1.07817, -0.265864

0.179886, -0.0325557
-1.25757, 0.29466
1.07768, -0.262104

0.185143, -0.039673
-1.26221, 0.297985
1.07707, -0.258312

0.190471, -0.0468083
-1.26679, 0.301296
1.07631, -0.254488

0.195872, -0.0539608
-1.2713, 0.304593
1.07543, -0.250632

0.201352, -0.0611297
-1.27576, 0.307875
1.07441, -0.246745

0.206912, -0.0683144
-1.28016, 0.311143
1.07325, -0.242829

0.212557, -0.0755137
-1.2845, 0.314397
1.07194, -0.238883

0.21829, -0.082727
-1.28878, 0.317636
1.07049, -0.234909

0.224114, -0.0899532
-1.29301, 0.32086
1.0689, -0.230907

0.230034, -0.0971912
-1.29718, 0.32407
1.06715, -0.226879

0.236053, -0.10444
-1.3013, 0.327266
1.06525, -0.222826

0.242176, -0.111698
-1.30536, 0.330447
1.06319, -0.218749

0.248406, -0.118965
-1.30937, 0.333614
1.06097, -0.214649

0.254748, -0.126238
-1.31333, 0.336767
1.05858, -0.210528

0.261206, -0.133517
-1.31723, 0.339905
1.05603, -0.206388

0.267785, -0.1408
-1.32108, 0.343028
1.0533, -0.202229

0.27449, -0.148084
-1.32488, 0.346138
1.05039, -0.198053

0.281326, -0.155369
-1.32863, 0.349233
1.04731, -0.193864

0.288299, -0.162651
-1.33234, 0.352313
1.04404, -0.189662

0.295413, -0.16993
-1.33599, 0.35538
1.04057, -0.18545

0.302675, -0.177202
-1.33959, 0.358432
1.03691, -0.181231

0.31009, -0.184464
-1.34314, 0.361471
1.03305, -0.177007

0.317666, -0.191714
-1.34665, 0.364495
1.02898, -0.172781

0.325408, -0.198949
-1.35011, 0.367505
1.0247, -0.168556

0.333323, -0.206164
-1.35352, 0.370501
1.0202, -0.164337

0.34142, -0.213356
-1.35689, 0.373484
1.01547, -0.160127

0.349705, -0.220522
-1.36021, 0.376452
1.0105, -0.155931

0.358188, -0.227654
-1.36348, 0.379407
1.00529, -0.151753

0.366876, -0.23475
-1.36671, 0.382348
0.999837, -0.147598

0.375779, -0.241802
-1.3699, 0.385276
0.99412, -0.143473

0.384906, -0.248805
-1.37304, 0.388189
0.988134, -0.139385

0.394269, -0.25575
-1.37614, 0.39109
0.98187, -0.13534

0.403877, -0.262629
-1.37919, 0.393977
0.975317, -0.131348

0.413743, -0.269434
-1.38221, 0.396851
0.968464, -0.127416

0.423879, -0.276154
-1.38518, 0.399711
0.961298, -0.123557

0.434297, -0.282777
-1.3881, 0.402559
0.953807, -0.119782

0.445013, -0.28929
-1.39099, 0.405393
0.945977, -0.116103

0.456041, -0.295677
-1.39384, 0.408214
0.937794, -0.112537

0.467397, -0.301921
-1.39664, 0.411023
0.929242, -0.109101

0.479098, -0.308003
-1.3994, 0.413818
0.920305, -0.105816

0.491162, -0.313898
-1.40213, 0.416601
0.910964, -0.102703

0.503608, -0.319582
-1.40481, 0.419371
0.901201, -0.0997893

0.516456, -0.325023
-1.40745, 0.422129
0.890997, -0.0971064

0.529726, -0.330184
-1.41006, 0.424874
0.880331, -0.0946901

0.54344, -0.335025
-1.41262, 0.427607
0.869181, -0.0925822

0.557619, -0.339495
-1.41515, 0.430328
0.857528, -0.0908325

0.572285, -0.343537
-1.41763, 0.433036
0.845349, -0.0894991

0.587457, -0.347081
-1.42008, 0.435732
0.832626, -0.0886513

0.603151, -0.350045
-1.42249, 0.438416
0.819342, -0.0883709

0.619378, -0.352333
-1.42487, 0.441088
0.805487, -0.0887554

0.63614, -0.353829
-1.4272, 0.443749
0.79106, -0.0899201

0.653423, -0.354396
-1.4295, 0.446397
0.776073, -0.0920012

0.671192, -0.353876
-1.43176, 0.449033
0.760563, -0.0951575

0.689379, -0.352088
-1.43398, 0.451658
0.744598, -0.0995707

0.707867, -0.34883
-1.43616, 0.454271
0.728294, -0.105441

0.726478, -0.343896
-1.43831, 0.456873
0.71183, -0.112977

0.744953, -0.337091
-1.44042, 0.459462
0.695465, -0.122372

0.762947, -0.328272
-1.44249, 0.46204
0.679543, -0.133768

0.780045, -0.317396
-1.44453, 0.464607
0.664481, -0.147211

0.795798, -0.304558
-1.44653, 0.467161
0.650727, -0.162603

0.8098, -0.290017
-1.44849, 0.469704
0.638688, -0.179687

0.821757, -0.274163
-1.45041, 0.472235
0.628656, -0.198072

0.831538, -0.257453
-1.4523, 0.474754
0.620764, -0.217301

0.839169, -0.24033
-1.45415, 0.477261
0.614986, -0.23693

0.844794, -0.223173
-1.45597, 0.479756
0.611177, -0.256583

0.848625, -0.206265
-1.45775, 0.482239
0.609126, -0.275974

0.850896, -0.1898
-1.4595, 0.48471
0.608599, -0.29491

0.851836, -0.173902
-1.4612, 0.487169
0.609368, -0.313267

0.85165, -0.158636
-1.46288, 0.489616
0.611227, -0.33098

0.850519, -0.144031
-1.46451, 0.492051
0.613995, -0.34802

0.848595, -0.130091
-1.46612, 0.494474
0.617522, -0.364383

0.846006, -0.116804
-1.46768, 0.496884
0.621678, -0.380081

0.842858, -0.104148
-1.46922, 0.499283
0.626359, -0.395135

0.839239, -0.0920984
-1.47071, 0.50167
0.631476, -0.409571

0.835223, -0.0806254
-1.47218, 0.504045
0.636956, -0.423419

0.83087, -0.0697001
-1.47361, 0.506407
0.642737, -0.436707

0.826232, -0.0592936
-1.475, 0.508758
0.64877, -0.449465

0.821351, -0.0493783
-1.47636, 0.511098
0.655012, -0.461719

0.816264, -0.0399279
-1.47769, 0.513425
0.661426, -0.473497

0.811, -0.0309176
-1.47898, 0.515741
0.667983, -0.484823

0.805587, -0.0223243
-1.48024, 0.518045
0.674656, -0.49572

0.800045, -0.0141263
-1.48147, 0.520337
0.681423, -0.50621

0.794394, -0.00630351
-1.48266, 0.522617
0.688267, -0.516314

0.78865, 0.00116262
-1.48382, 0.524886
0.695169, -0.526049

0.782827, 0.00828942
-1.48494, 0.527144
0.702118, -0.535433

0.776938, 0.015093
-1.48604, 0.52939
0.709099, -0.544483

0.770993, 0.0215882
-1.4871, 0.531624
0.716104, -0.553212

0.765001, 0.0277889
-1.48812, 0.533847
0.723122, -0.561636

0.75897, 0.0337081
-1.48912, 0.536059
0.730146, -0.569767

0.752908, 0.0393578
-1.49008, 0.538259
0.737168, -0.577617

0.746821, 0.0447491
-1.491, 0.540448
0.744182, -0.585197

0.740714, 0.0498925
-1.4919, 0.542626
0.751184, -0.592518

0.734592, 0.0547979
-1.49276, 0.544792
0.758167, -0.59959

0.72846, 0.0594743
-1.49359, 0.546947
0.765128, -0.606421

0.722321, 0.0639304
-1.49438, 0.549091
0.772063, -0.613021

0.71618, 0.0681741
-1.49515, 0.551224
0.778968, -0.619398

0.710038, 0.0722131
-1.49588, 0.553345
0.78584, -0.625558

0.703899, 0.0760545
-1.49658, 0.555456
0.792677, -0.63151

0.697766, 0.079705
-1.49724, 0.557555
0.799476, -0.63726

0.69164, 0.0831708
-1.49787, 0.559643
0.806235, -0.642814

0.685523, 0.0864581
-1.49848, 0.56172
0.812953, -0.648178

0.679417, 0.0895723
-1.49904, 0.563786
0.819626, -0.653359

0.673324, 0.092519
-1.49958, 0.565841
0.826254, -0.65836

0.667246, 0.095303
-1.50008, 0.567885
0.832835, -0.663188

0.661183, 0.0979294
-1.50055, 0.569918
0.839368, -0.667847

0.655136, 0.100402
-1.50099, 0.57194
0.845852, -0.672342

0.649108, 0.102727
-1.50139, 0.573951
0.852286, -0.676678

0.643098, 0.104906
-1.50177, 0.575951
0.858668, -0.680857

0.637108, 0.106945
-1.50211, 0.577939
0.864998, -0.684884

0.631138, 0.108846
-1.50241, 0.579917
0.871275, -0.688764

0.625189, 0.110615
-1.50269, 0.581884
0.877498, -0.692499

0.619262, 0.112253
-1.50293, 0.58384
0.883667, -0.696092

0.613357, 0.113764
-1.50314, 0.585784
0.889781, -0.699548

0.607475, 0.115151
-1.50331, 0.587718
0.895839, -0.70287

0.601617, 0.116418
-1.50346, 0.589641
0.901842, -0.706059

0.595782, 0.117567
-1.50357, 0.591552
0.907788, -0.70912

0.589971, 0.118601
-1.50365, 0.593453
0.913676, -0.712054

0.584185, 0.119523
-1.50369, 0.595342
0.919508, -0.714865

0.578424, 0.120335
-1.50371, 0.59722
0.925282, -0.717555

0.572688, 0.121039
-1.50369, 0.599087
0.930997, -0.720126

0.566977, 0.121638
-1.50363, 0.600943
0.936655, -0.722581

0.561292, 0.122134
-1.50355, 0.602788
0.942254, -0.724922

0.555633, 0.122529
-1.50343, 0.604622
0.947793, -0.727151

0.55, 0.122826
-1.50327, 0.606444
0.953274, -0.729271

0.544393, 0.123027
-1.50309, 0.608255
0.958696, -0.731282

0.538813, 0.123133
-1.50287, 0.610055
0.964057, -0.733188

0.533259, 0.123146
-1.50262, 0.611844
0.969359, -0.734989

0.527732, 0.123068
-1.50233, 0.613621
0.974601, -0.736689

0.522232, 0.122901
-1.50202, 0.615386
0.979783, -0.738287

0.516759, 0.122647
-1.50166, 0.617141
0.984905, -0.739787

0.511312, 0.122306
-1.50128, 0.618883
0.989966, -0.74119

0.505893, 0.121882
-1.50086, 0.620615
0.994966, -0.742497

0.500501, 0.121375
-1.50041, 0.622334
0.999906, -0.74371

0.495137, 0.120787
-1.49992, 0.624042
1.00478, -0.74483

0.4898, 0.12012
-1.4994, 0.625739
1.0096, -0.745859

0.48449, 0.119374
-1.49885, 0.627424
1.01436, -0.746798

0.479208, 0.118551
-1.49826, 0.629097
1.01905, -0.747648

0.473953, 0.117653
-1.49764, 0.630758
1.02369, -0.748411

0.468726, 0.116681
-1.49699, 0.632407
1.02826, -0.749088

0.463527, 0.115636
-1.4963, 0.634044
1.03277, -0.74968

0.458355, 0.114519
-1.49557, 0.635669
1.03722, -0.750189

0.453211, 0.113332
-1.49482, 0.637283
1.04161, -0.750615

0.448095, 0.112076
-1.49403, 0.638884
1.04593, -0.750959

0.443007, 0.110751
-1.4932, 0.640473
1.05019, -0.751224

0.437946, 0.109359
-1.49234, 0.642049
1.05439, -0.751409

0.432914, 0.107902
-1.49145, 0.643614
1.05853, -0.751516

0.427909, 0.10638
-1.49052, 0.645166
1.06261, -0.751545

0.422932, 0.104794
-1.48955, 0.646705
1.06662, -0.751499

0.417984, 0.103145
-1.48855, 0.648232
1.07057, -0.751377

0.413063, 0.101434
-1.48752, 0.649746
1.07446, -0.75118

0.408171, 0.0996627
-1.48645, 0.651248
1.07828, -0.750911

0.403306, 0.0978315
-1.48535, 0.652737
1.08204, -0.750568

0.39847, 0.0959415
-1.48421, 0.654213
1.08574, -0.750154

0.393662, 0.0939935
-1.48304, 0.655676
1.08938, -0.749669

0.388882, 0.0919884
-1.48183, 0.657125
1.09295, -0.749114

0.384131, 0.0899272
-1.48059, 0.658562
1.09646, -0.748489

0.379408, 0.0878107
-1.47931, 0.659986
1.0999, -0.747796

0.374713, 0.0856397
-1.478, 0.661396
1.10328, -0.747036

0.370046, 0.0834152
-1.47665, 0.662793
1.1066, -0.746208

0.365408, 0.0811379
-1.47526, 0.664176
1.10985, -0.745314

0.360799, 0.0788086
-1.47384, 0.665545
1.11304, -0.744354

0.356218, 0.0764282
-1.47238, 0.666901
1.11617, -0.74333

0.351666, 0.0739975
-1.47089, 0.668243
1.11922, -0.742241

0.347143, 0.0715171
-1.46936, 0.669571
1.12222, -0.741089

0.342648, 0.0689879
-1.4678, 0.670886
1.12515, -0.739873

0.338182, 0.0664106
-1.4662, 0.672186
1.12801, -0.738596

0.333745, 0.063786
-1.46456, 0.673471
1.13081, -0.737257

0.329337, 0.0611148
-1.46289, 0.674742
1.13355, -0.735857

0.324958, 0.0583976
-1.46118, 0.675999
1.13622, -0.734397

0.320608, 0.0556354
-1.45943, 0.677241
1.13882, -0.732877

0.316288, 0.0528286
-1.45765, 0.678469
1.14136, -0.731298

0.311996, 0.0499781
-1.45583, 0.679681
1.14383, -0.72966

0.307734, 0.0470845
-1.45397, 0.680879
1.14624, -0.727964

0.303502, 0.0441485
-1.45208, 0.682062
1.14858, -0.72621

0.299299, 0.0411708
-1.45015, 0.683229
1.15085, -0.7244

0.295126, 0.038152
-1.44818, 0.684381
1.15305, -0.722533

0.290982, 0.0350927
-1.44618, 0.685517
1.15519, -0.72061

0.286869, 0.0319938
-1.44413, 0.686638
1.15726, -0.718632

0.282785, 0.0288557
-1.44205, 0.687743
1.15927, -0.716599

0.278732, 0.0256791
-1.43994, 0.688832
1.16121, -0.714511

0.274709, 0.0224648
-1.43778, 0.689905
1.16307, -0.71237

0.270716, 0.0192132
-1.43559, 0.690962
1.16488, -0.710175

0.266754, 0.015925
-1.43336, 0.692003
1.16661, -0.707928

0.262822, 0.0126009
-1.43109, 0.693027
1.16827, -0.705628

0.258922, 0.00924145
-1.42879, 0.694034
1.16987, -0.703276

0.255052, 0.00584726
-1.42644, 0.695025
1.17139, -0.700872

0.251213, 0.00241895
-1.42406, 0.695999
1.17285, -0.698418

0.247406, -0.00104288
-1.42164, 0.696955
1.17424, -0.695913

0.24363, -0.00453762
-1.41918, 0.697895
1.17555, -0.693357

0.239886, -0.00806467
-1.41669, 0.698817
1.1768, -0.690752

0.236173, -0.0116235
-1.41415, 0.699722
1.17798, -0.688098

0.232492, -0.0152134
-1.41158, 0.700608
1.17909, -0.685395

0.228844, -0.0188338
-1.40897, 0.701477
1.18012, -0.682643

0.225228, -0.0224842
-1.40631, 0.702328
1.18109, -0.679844

0.221644, -0.026164
-1.40362, 0.703161
1.18198, -0.676997

0.218094, -0.0298725
-1.40089, 0.703975
1.1828, -0.674102

0.214576, -0.0336093
-1.39813, 0.704771
1.18355, -0.671161

0.211091, -0.0373737
-1.39532, 0.705548
1.18423, -0.668174

0.20764, -0.0411651
-1.39247, 0.706306
1.18483, -0.665141

0.204223, -0.044983
-1.38958, 0.707045
1.18536, -0.662062

0.200839, -0.0488268
-1.38666, 0.707764
1.18582, -0.658938

0.197489, -0.0526959
-1.38369, 0.708465
1.1862, -0.655769

0.194174, -0.0565897
-1.38069, 0.709145
1.18651, -0.652556

0.190894, -0.0605077
-1.37764, 0.709806
1.18675, -0.649299

0.187648, -0.0644493
-1.37456, 0.710447
1.18691, -0.645998

0.184438, -0.0684139
-1.37143, 0.711068
1.187, -0.642654

0.181263, -0.072401
-1.36827, 0.711668
1.18701, -0.639267

0.178124, -0.0764099
-1.36506, 0.712248
1.18694, -0.635838

0.175021, -0.0804401
-1.36182, 0.712807
1.1868, -0.632367

0.171954, -0.084491
-1.35853, 0.713345
1.18658, -0.628854

0.168925, -0.0885621
-1.35521, 0.713862
1.18628, -0.6253

0.165932, -0.0926527
-1.35184, 0.714357
1.18591, -0.621705

0.162976, -0.0967624
-1.34843, 0.714831
1.18546, -0.618069

0.160058, -0.10089
-1.34498, 0.715284
1.18493, -0.614393

0.157178, -0.105036
-1.34149, 0.715714
1.18432, -0.610678

0.154337, -0.109199
-1.33796, 0.716122
1.18363, -0.606923

0.151534, -0.113379
-1.33439, 0.716508
1.18286, -0.603129

0.148771, -0.117575
-1.33078, 0.716871
1.18201, -0.599296

0.146047, -0.121786
-1.32713, 0.717211
1.18108, -0.595425

0.143363, -0.126013
-1.32343, 0.717529
1.18007, -0.591516

0.14072, -0.130253
-1.3197, 0.717823
1.17898, -0.58757

0.138117, -0.134507
-1.31592, 0.718093
1.1778, -0.583586

0.135555, -0.138775
-1.3121, 0.718341
1.17655, -0.579566

0.133035, -0.143055
-1.30824, 0.718564
1.17521, -0.575509

0.130557, -0.147346
-1.30434, 0.718763
1.17378, -0.571416

0.128122, -0.151649
-1.30039, 0.718938
1.17227, -0.567288

0.12573, -0.155963
-1.29641, 0.719088
1.17068, -0.563125

0.123381, -0.160287
-1.29238, 0.719213
1.169, -0.558926

0.121077, -0.16462
-1.28831, 0.719314
1.16723, -0.554694

0.118817, -0.168962
-1.2842, 0.719389
1.16538, -0.550427

0.116602, -0.173313
-1.28004, 0.719439
1.16344, -0.546126

0.114432, -0.177671
-1.27585, 0.719463
1.16141, -0.541793

0.112309, -0.182035
-1.27161, 0.719461
1.1593, -0.537426

0.110233, -0.186406
-1.26732, 0.719433
1.15709, -0.533027

0.108203, -0.190783
-1.263, 0.719379
1.1548, -0.528596

0.106222, -0.195165
-1.25863, 0.719298
1.15241, -0.524133

0.10429, -0.199551
-1.25422, 0.719191
1.14993, -0.51964

0.102406, -0.203941
-1.24977, 0.719056
1.14736, -0.515115

0.100572, -0.208333
-1.24527, 0.718894
1.1447, -0.51056

0.0987892, -0.212728
-1.24073, 0.718704
1.14194, -0.505976

0.0970571, -0.217125
-1.23615, 0.718486
1.13909, -0.501362

0.0953769, -0.221522
-1.23152, 0.718241
1.13615, -0.496719

0.0937492, -0.22592
-1.22685, 0.717967
1.1331, -0.492047

0.0921748, -0.230317
-1.22214, 0.717664
1.12997, -0.487348

0.0906544, -0.234713
-1.21738, 0.717333
1.12673, -0.48262

0.0891888, -0.239107
-1.21258, 0.716973
1.12339, -0.477866

0.0877789, -0.243498
-1.20774, 0.716583
1.11996, -0.473085

0.0864253, -0.247885
-1.20285, 0.716164
1.11643, -0.468278

0.0851289, -0.252269
-1.19792, 0.715715
1.11279, -0.463446

0.0838907, -0.256647
-1.19294, 0.715236
1.10905, -0.458589

0.0827114, -0.26102
-1.18792, 0.714727
1.10521, -0.453707

0.081592, -0.265386
-1.18286, 0.714187
1.10126, -0.448801

0.0805334, -0.269744
-1.17775, 0.713616
1.09721, -0.443871

0.0795365, -0.274095
-1.17259, 0.713014
1.09306, -0.438919

0.0786024, -0.278436
-1.16739, 0.712381
1.08879, -0.433945

0.0777319, -0.282767
-1.16215, 0.711716
1.08442, -0.428949

0.0769263, -0.287087
-1.15686, 0.711019
1.07994, -0.423932

0.0761864, -0.291396
-1.15153, 0.71029
1.07534, -0.418894

0.0755135, -0.295691
-1.14615, 0.709528
1.07064, -0.413837

0.0749086, -0.299974
-1.14073, 0.708734
1.06582, -0.408761

0.0743728, -0.304241
-1.13526, 0.707907
1.06088, -0.403666

0.0739075, -0.308493
-1.12974, 0.707047
1.05583, -0.398554

0.0735137, -0.312728
-1.12418, 0.706153
1.05067, -0.393425

0.0731929, -0.316946
-1.11857, 0.705225
1.04538, -0.388279

0.0729462, -0.321145
-1.11292, 0.704263
1.03998, -0.383119

0.0727749, -0.325324
-1.10722, 0.703267
1.03445, -0.377943

0.0726806, -0.329482
-1.10148, 0.702236
1.0288, -0.372754

0.0726646, -0.333618
-1.09569, 0.701171
1.02302, -0.367552

0.0727283, -0.337731
-1.08985, 0.70007
1.01712, -0.362339

0.0728734, -0.34182
-1.08396, 0.698933
1.01109, -0.357114

0.0731013, -0.345882
-1.07803, 0.697761
1.00493, -0.351879

0.0734137, -0.349918
-1.07205, 0.696553
0.99864, -0.346635

0.0738122, -0.353925
-1.06603, 0.695308
0.992216, -0.341383

0.0742986, -0.357902
-1.05995, 0.694027
0.985656, -0.336125

0.0748746, -0.361848
-1.05383, 0.692708
0.978959, -0.33086

0.0755422, -0.365761
-1.04766, 0.691353
0.972123, -0.325592

0.0763032, -0.36964
-1.04145, 0.689959
0.965145, -0.32032

0.0771595, -0.373483
-1.03518, 0.688528
0.958023, -0.315046

0.0781133, -0.377288
-1.02887, 0.687059
0.950755, -0.309771

0.0791667, -0.381053
-1.02251, 0.685551
0.943339, -0.304497

0.0803219, -0.384778
-1.01609, 0.684004
0.935773, -0.299226

0.0815812, -0.388459
-1.00963, 0.682418
0.928053, -0.293959

0.082947, -0.392095
-1.00312, 0.680792
0.920177, -0.288698

0.0844216, -0.395683
-0.996563, 0.679127
0.912142, -0.283444

0.0860078, -0.399222
-0.989953, 0.677421
0.903945, -0.278199

0.0877082, -0.402709
-0.983293, 0.675675
0.895585, -0.272966

0.0895255, -0.406142
-0.976582, 0.673888
0.887056, -0.267747

0.0914627, -0.409517
-0.96982, 0.67206
0.878357, -0.262543

0.0935228, -0.412833
-0.963006, 0.67019
0.869483, -0.257357

0.095709, -0.416086
-0.956141, 0.668278
0.860432, -0.252192

0.0980245, -0.419273
-0.949224, 0.666324
0.851199, -0.247051

0.100473, -0.422392
-0.942255, 0.664327
0.841782, -0.241935

0.103058, -0.425438
-0.935232, 0.662287
0.832175, -0.236849

0.105782, -0.428408
-0.928157, 0.660203
0.822374, -0.231796

0.108651, -0.431298
-0.921028, 0.658076
0.812376, -0.226778

0.111669, -0.434103
-0.913844, 0.655904
0.802176, -0.221801

0.114838, -0.43682
-0.906607, 0.653687
0.791768, -0.216868

0.118165, -0.439443
-0.899314, 0.651426
0.781149, -0.211983

0.121654, -0.441967
-0.891966, 0.649118
0.770312, -0.207151

0.125309, -0.444386
-0.884561, 0.646764
0.759252, -0.202378

0.129137, -0.446695
-0.8771, 0.644364
0.747963, -0.197669

0.133143, -0.448887
-0.869581, 0.641917
0.736439, -0.19303

0.137332, -0.450954
-0.862005, 0.639422
0.724673, -0.188468

0.141711, -0.452889
-0.85437, 0.636879
0.712659, -0.18399

0.146286, -0.454683
-0.846676, 0.634287
0.70039, -0.179604

0.151064, -0.456326
-0.838922, 0.631646
0.687858, -0.175319

0.156052, -0.45781
-0.831107, 0.628955
0.675055, -0.171145

0.161258, -0.459121
-0.82323, 0.626214
0.661972, -0.167092

0.16669, -0.460248
-0.815292, 0.623421
0.648602, -0.163173

0.172356, -0.461177
-0.807289, 0.620577
0.634934, -0.1594

0.178265, -0.461891
-0.799223, 0.61768
0.620958, -0.155789

0.184426, -0.462375
-0.791091, 0.61473
0.606665, -0.152355

0.19085, -0.462607
-0.782893, 0.611726
0.592044, -0.149119

0.197545, -0.462567
-0.774628, 0.608667
0.577083, -0.1461

0.204523, -0.462229
-0.766294, 0.605552
0.561772, -0.143323

0.211794, -0.461565
-0.757891, 0.602381
0.546097, -0.140816

0.219368, -0.460543
-0.749416, 0.599152
0.530048, -0.138609

0.227257, -0.459126
-0.740869, 0.595865
0.513612, -0.136738

0.235469, -0.457271
-0.732248, 0.592517
0.496778, -0.135246

0.244015, -0.454928
-0.723551, 0.589109
0.479536, -0.13418

0.252902, -0.45204
-0.714778, 0.585638
0.461876, -0.133598

0.262132, -0.448539
-0.705926, 0.582103
0.443794, -0.133564

0.271706, -0.444347
-0.696993, 0.578503
0.425287, -0.134156

0.281616, -0.43937
-0.687978, 0.574836
0.406362, -0.135466

0.291843, -0.433499
-0.678878, 0.571101
0.387036, -0.137602

0.302351, -0.426606
-0.669692, 0.567295
0.367342, -0.140689

0.31308, -0.418542
-0.660418, 0.563416
0.347338, -0.144874

0.323936, -0.409136
-0.651053, 0.559462
0.327116, -0.150326

0.334773, -0.3982
-0.641594, 0.555431
0.306821, -0.15723

0.345376, -0.385539
-0.632041, 0.551319
0.286665, -0.16578

0.35544, -0.370973
-0.62239, 0.547124
0.26695, -0.176151

0.364561, -0.35438
-0.61264, 0.542843
0.248078, -0.188464

0.372242, -0.335757
-0.602788, 0.538474
0.230546, -0.202716

0.378108, -0.315433
-0.592832, 0.534011
0.214724, -0.218579

0.381886, -0.293858
-0.582771, 0.529453
0.200885, -0.235596

0.383355, -0.271514
-0.572603, 0.524797
0.189248, -0.253283

0.382348, -0.248901
-0.562327, 0.520039
0.179979, -0.271138

0.37889, -0.226509
-0.55194, 0.515176
0.17305, -0.288667

0.373306, -0.204699
-0.541441, 0.510207
0.168135, -0.305508

0.365947, -0.183687
-0.530827, 0.505126
0.164881, -0.32144

0.357137, -0.163578
-0.520097, 0.499933
0.16296, -0.336355

0.347155, -0.144404
-0.509245, 0.494624
0.162091, -0.35022

0.33623, -0.126147
-0.498271, 0.489194
0.162041, -0.363047

0.324545, -0.108768
-0.487168, 0.483642
0.162624, -0.374874

0.312244, -0.0922102
-0.475934, 0.477962
0.16369, -0.385752

0.29944, -0.076415
-0.464563, 0.472151
0.165122, -0.395736

0.286222, -0.061322
-0.453048, 0.466204
0.166826, -0.404882

0.272657, -0.0468727
-0.441384, 0.460115
0.168728, -0.413242

0.258797, -0.0330112
-0.429564, 0.453878
0.170767, -0.420867

0.244682, -0.0196849
-0.417578, 0.447486
0.172896, -0.427802

0.230343, -0.0068445
-0.405418, 0.440933
0.175075, -0.434089

0.215798, 0.00555679
-0.393072, 0.434209
0.177274, -0.439766

0.201064, 0.0175633
-0.380529, 0.427304
0.179465, -0.444867

0.186146, 0.0292174
-0.367774, 0.420207
0.181628, -0.449424

0.171046, 0.0405606
-0.354791, 0.412904
0.183745, -0.453465

0.15576, 0.0516336
-0.34156, 0.405381
0.1858, -0.457015

0.140278, 0.0624777
-0.32806, 0.397619
0.187782, -0.460096

0.124583, 0.0731357
-0.314263, 0.389595
0.189679, -0.462731

0.108653, 0.0836527
-0.300136, 0.381284
0.191483, -0.464937

0.0924557, 0.0940787
-0.285642, 0.372653
0.193186, -0.466732

0.0759474, 0.104471
-0.270729, 0.363659
0.194782, -0.46813

0.0590711, 0.114896
-0.255335, 0.35425
0.196264, -0.469146

0.0417487, 0.125438
-0.239377, 0.344354
0.197628, -0.469792

0.0238718, 0.136209
-0.222742, 0.33387
0.19887, -0.47008

0.00528339, 0.147365
-0.20527, 0.322653
0.199986, -0.470018

-0.0142572, 0.159145
-0.186716, 0.310471
0.200973, -0.469617

-0.0351523, 0.171965
-0.166675, 0.296919
0.201828, -0.468884

-0.0576172, 0.186145
-0.144931, 0.281679
0.202548, -0.467824

-0.0810989, 0.201332
-0.122034, 0.265113
0.203132, -0.466445

-0.105018, 0.217142
-0.0985611, 0.247606
0.203579, -0.464748

-0.128783, 0.233169
-0.075104, 0.229565
0.203887, -0.462735

-0.151804, 0.249
-0.0522509, 0.211403
0.204055, -0.460403

-0.173509, 0.264219
-0.0305732, 0.19353
0.204083, -0.457749

-0.193359, 0.278422
-0.0106116, 0.176344
0.20397, -0.454765

-0.211147, 0.291384
0.0074301, 0.160058
0.203717, -0.451442

-0.227549, 0.303434
0.0242276, 0.144333
0.203322, -0.447767

-0.242932, 0.314766
0.0401477, 0.12896
0.202785, -0.443727

-0.257521, 0.325508
0.0554158, 0.113795
0.202105, -0.439303

-0.271464, 0.33575
0.0701819, 0.0987267
0.201283, -0.434477

-0.284869, 0.345558
0.0845521, 0.0836661
0.200317, -0.429224

-0.297812, 0.354983
0.098604, 0.0685347
0.199208, -0.423517

-0.310353, 0.364063
0.112397, 0.0532597
0.197956, -0.417323

-0.322539, 0.372833
0.125975, 0.0377698
0.196564, -0.410602

-0.334406, 0.381316
0.139373, 0.0219914
0.195034, -0.403308

-0.345986, 0.389537
0.152616, 0.00584494
0.19337, -0.395382

-0.357303, 0.397512
0.165721, -0.0107591
0.191582, -0.386753

-0.368379, 0.405259
0.178695, -0.0279258
0.189684, -0.377333

-0.37923, 0.412789
0.191534, -0.0457829
0.187696, -0.367006

-0.389873, 0.420116
0.204216, -0.0644921
0.185657, -0.355624

-0.400321, 0.427249
0.216692, -0.0842664
0.183629, -0.342983

-0.410583, 0.434198
0.228861, -0.105399
0.181723, -0.328799

-0.420671, 0.44097
0.240525, -0.128317
0.180146, -0.312652

-0.430593, 0.447572
0.251335, -0.153454
0.179258, -0.294118

-0.440354, 0.45401
0.261153, -0.180269
0.179201, -0.273741

-0.449962, 0.46029
0.269863, -0.208177
0.180098, -0.252113

-0.45942, 0.466416
0.277376, -0.236564
0.182044, -0.229852

-0.468733, 0.472394
0.283627, -0.2648
0.185106, -0.207594

-0.477904, 0.478228
0.288583, -0.292258
0.189321, -0.185969

-0.486935, 0.483922
0.292238, -0.318328
0.194698, -0.165594

-0.495829, 0.489481
0.294618, -0.342431
0.201212, -0.14705

-0.504588, 0.494909
0.296025, -0.364555
0.208562, -0.130354

-0.513213, 0.500211
0.296824, -0.385127
0.216389, -0.115083

-0.521708, 0.50539
0.297217, -0.404441
0.224492, -0.100949

-0.530074, 0.510453
0.297325, -0.422707
0.232749, -0.0877454

-0.538314, 0.515401
0.297228, -0.440081
0.241086, -0.0753196

-0.54643, 0.520239
0.296979, -0.456683
0.249451, -0.0635564

-0.554424, 0.524971
0.296614, -0.472606
0.25781, -0.0523656

-0.562297, 0.529601
0.296159, -0.487926
0.266138, -0.0416755

-0.570054, 0.534132
0.295634, -0.502703
0.274419, -0.0314282

-0.577694, 0.538566
0.295055, -0.51699
0.282639, -0.0215758

-0.585221, 0.542908
0.294431, -0.530829
0.290791, -0.0120787

-0.592637, 0.54716
0.293771, -0.544256
0.298866, -0.00290349

-0.599943, 0.551324
0.293083, -0.557303
0.30686, 0.00597843

-0.607142, 0.555404
0.292371, -0.569996
0.31477, 0.0145915

-0.60714183010541533658255275440751574933528900146484, 0.55540441645773908074801283873966895043849945068359, -0.71459359653212251028975288136280141770839691162109, 0.40392277800148357336240678705507889389991760253906, 0.29237145440415784891641237663861829787492752075195, -0.56999591243946112761875610885908827185630798339844, -0.072089279787811114119655542253894964233040809631348, -1.2528449126114340472781805146951228380203247070312, 0.31477037570124716259201136381307151168584823608398, 0.014591495981763810338427411750217288499698042869568, 0.78668287631993205621938614058308303356170654296875, 0.84892213460995602503089685342274606227874755859375